ID_Pedido,Fecha,Ciudad,Categoria,Producto,Precio_Unitario,Cantidad,Venta_Bruta,Coste_Unitario,Canal,Metodo_Pago,Score_Cliente
20000,2025-05-11,Barcelona,Hogar,Silla Escritorio,373.86,5,1869.3,151.68,Online,Tarjeta,24
20001,2025-02-08,Málaga,Deportes,Esterilla Yoga,208.82,3,626.46,85.98,App,PayPal,4
20002,2025-09-16,Sevilla,Ropa,Zapatillas,297.77,4,1191.08,129.09,Tienda Física,Efectivo,30
20003,2025-01-08,Málaga,Deportes,Mancuernas,505.06,2,1010.12,340.09,Online,Efectivo,50
20004,2025-06-10,Barcelona,Ropa,Chaqueta,335.66,1,335.66,195.68,Online,Tarjeta,83
20005,2025-10-30,Sevilla,Hogar,Lámpara,633.61,5,3168.05,277.37,App,Tarjeta,46
20006,2025-06-05,Zaragoza,Deportes,Esterilla Yoga,97.51,5,487.55,59.29,Online,PayPal,75
20007,2025-11-08,Barcelona,Deportes,Bicicleta,397.94,3,1193.82,266.8,Tienda Física,PayPal,72
20008,2025-04-24,Málaga,Deportes,Esterilla Yoga,673.56,2,1347.12,400.85,Tienda Física,PayPal,9
20009,2025-08-05,Valencia,Ropa,Camiseta,236.16,5,1180.8,133.26,Online,PayPal,58
20010,2025-03-13,Sevilla,Ropa,Zapatillas,372.95,1,372.95,201.54,Tienda Física,Efectivo,80
20011,2025-05-28,Madrid,Electrónica,Auriculares,106.6,5,533.0,71.97,Tienda Física,Tarjeta,13
20012,2025-07-07,Sevilla,Ropa,Pantalón,781.53,4,3126.12,401.29,App,Efectivo,14
20013,2025-10-18,Sevilla,Electrónica,Auriculares,689.64,3,2068.92,435.48,Tienda Física,Tarjeta,83
20014,2025-08-25,Málaga,Hogar,Espejo,341.33,2,682.66,173.69,Tienda Física,Efectivo,65
20015,2025-08-17,Zaragoza,Deportes,Esterilla Yoga,422.94,2,845.88,245.68,Tienda Física,Tarjeta,84
20016,2025-12-14,Zaragoza,Ropa,Zapatillas,161.33,5,806.65,70.82,App,Efectivo,64
20017,2025-05-28,Sevilla,Ropa,Zapatillas,782.22,4,3128.88,322.83,Online,PayPal,49
20018,2025-06-24,Barcelona,Electrónica,Tablet,302.37,5,1511.85,161.92,App,PayPal,57
20019,2025-10-12,Zaragoza,Ropa,Zapatillas,483.42,4,1933.68,242.93,Tienda Física,Efectivo,87
20020,2025-11-10,Málaga,Electrónica,Auriculares,49.0,3,147.0,22.47,App,Efectivo,68
20021,2025-10-17,Madrid,Hogar,Silla Escritorio,115.38,5,576.9,70.44,Online,PayPal,85
20022,2025-09-24,Sevilla,Ropa,Camiseta,409.45,4,1637.8,200.16,Online,Tarjeta,51
20023,2025-10-29,Valencia,Deportes,Balón,39.1,3,,24.23,Online,Tarjeta,87
20024,2025-07-23,Barcelona,Deportes,Mancuernas,638.42,3,1915.26,383.35,Online,Efectivo,61
20025,2025-01-03,Zaragoza,Ropa,Pantalón,132.01,5,660.05,74.76,Tienda Física,Tarjeta,4
20026,2025-03-02,Málaga,Ropa,Zapatillas,553.39,4,2213.56,328.0,Online,Tarjeta,94
20027,2025-09-19,Sevilla,Deportes,Bicicleta,68.28,3,204.84,28.14,App,Efectivo,43
20028,2025-10-19,Málaga,Deportes,Esterilla Yoga,456.55,1,456.55,204.64,App,Efectivo,92
20029,2025-01-28,Valencia,Electrónica,Smartphone,185.53,3,556.59,125.8,App,PayPal,52
20030,2025-05-09,Zaragoza,Ropa,Zapatillas,336.8,3,1010.4,214.94,App,Tarjeta,64
20031,2025-06-27,Zaragoza,Deportes,Bicicleta,323.05,2,646.1,196.87,Tienda Física,Tarjeta,99
20032,2025-12-06,Zaragoza,Ropa,Pantalón,481.65,3,1444.95,242.35,Tienda Física,Tarjeta,44
20033,2025-03-12,Zaragoza,Hogar,Espejo,554.51,5,,265.75,Tienda Física,Efectivo,41
20034,2025-08-08,Sevilla,Deportes,Mancuernas,489.28,2,,305.86,App,Tarjeta,18
20035,2025-04-09,Valencia,Deportes,Bicicleta,27.61,3,82.83,16.46,Online,Tarjeta,17
20036,2025-02-02,Madrid,Hogar,Espejo,379.78,5,,247.18,Tienda Física,Efectivo,15
20037,2025-07-12,Zaragoza,Deportes,Esterilla Yoga,704.09,3,2112.27,333.94,App,Tarjeta,45
20038,2025-08-05,Valencia,Hogar,Silla Escritorio,48.55,2,97.1,29.28,App,PayPal,84
20039,2025-01-24,Barcelona,Hogar,Espejo,644.22,2,1288.44,302.09,App,PayPal,76
20040,2025-10-09,Málaga,Deportes,Bicicleta,425.6,2,851.2,178.25,Tienda Física,Tarjeta,65
20041,2025-03-02,Valencia,Ropa,Zapatillas,220.67,4,882.68,128.57,Tienda Física,PayPal,37
20042,2025-04-02,Málaga,Ropa,Zapatillas,34.28,5,171.4,21.78,Tienda Física,PayPal,9
20043,2025-05-02,Zaragoza,Hogar,Lámpara,448.09,3,1344.27,282.96,Tienda Física,PayPal,75
20044,2025-12-31,Madrid,Electrónica,Laptop,612.82,1,612.82,251.41,Tienda Física,PayPal,43
20045,2025-08-29,Madrid,Deportes,Balón,224.59,5,1122.95,105.32,App,Tarjeta,50
20046,2025-09-10,Sevilla,Electrónica,Auriculares,186.76,2,373.52,98.74,Tienda Física,Tarjeta,84
20047,2025-11-14,Valencia,Electrónica,Laptop,180.64,4,722.56,76.44,Online,Tarjeta,78
20048,2025-01-05,Valencia,Deportes,Esterilla Yoga,415.62,1,415.62,199.69,App,PayPal,90
20049,2025-02-04,Madrid,Ropa,Chaqueta,181.43,1,181.43,85.05,Tienda Física,Tarjeta,21
20050,2025-02-16,Zaragoza,Ropa,Chaqueta,679.59,2,1359.18,418.99,Tienda Física,Efectivo,6
20051,2025-11-28,Madrid,Electrónica,Laptop,109.72,2,219.44,62.94,App,Efectivo,48
20052,2025-05-19,Zaragoza,Deportes,Bicicleta,697.87,3,2093.61,459.02,Online,Efectivo,37
20053,2025-05-19,Madrid,Deportes,Bicicleta,55.08,1,55.08,33.03,Tienda Física,Efectivo,75
20054,2025-01-23,Madrid,Deportes,Mancuernas,629.05,5,3145.25,381.17,App,PayPal,56
20055,2025-10-18,Valencia,Electrónica,Smartphone,363.06,3,1089.18,157.53,App,Efectivo,66
20056,2025-12-31,Zaragoza,Deportes,Balón,325.47,2,650.94,203.52,App,PayPal,99
20057,2025-06-15,Madrid,Ropa,Camiseta,695.73,2,1391.46,453.72,Tienda Física,PayPal,31
20058,2025-06-04,Sevilla,Hogar,Espejo,587.41,1,587.41,264.54,Tienda Física,PayPal,56
20059,2025-08-09,Málaga,Electrónica,Tablet,510.56,4,2042.24,248.34,Online,PayPal,14
20060,2025-08-20,Zaragoza,Ropa,Chaqueta,446.39,5,2231.95,243.42,App,Efectivo,81
20061,2025-04-22,Valencia,Electrónica,Auriculares,243.97,3,731.91,166.95,App,PayPal,69
20062,2025-11-12,Madrid,Deportes,Bicicleta,195.09,3,585.27,124.43,App,PayPal,51
20063,2025-02-04,Madrid,Ropa,Chaqueta,789.88,4,3159.52,492.58,App,PayPal,70
20064,2025-08-25,Barcelona,Ropa,Pantalón,530.28,2,1060.56,329.62,Tienda Física,Tarjeta,100
20065,2025-07-22,Málaga,Electrónica,Smartphone,532.12,4,,348.91,App,PayPal,15
20066,2025-03-30,Barcelona,Hogar,Lámpara,757.82,5,,377.66,App,Tarjeta,84
20067,2025-09-03,Madrid,Hogar,Silla Escritorio,519.51,2,1039.02,242.76,App,Efectivo,85
20068,2025-09-22,Zaragoza,Electrónica,Laptop,642.67,1,642.67,447.18,App,Tarjeta,46
20069,2025-12-15,Zaragoza,Hogar,Silla Escritorio,506.77,1,506.77,208.51,Online,Efectivo,45
20070,2025-12-31,Madrid,Ropa,Pantalón,614.46,3,1843.38,404.98,App,Efectivo,80
20071,2025-08-19,Barcelona,Electrónica,Smartphone,397.93,1,397.93,259.05,Online,Tarjeta,48
20072,2025-10-24,Valencia,Electrónica,Auriculares,599.39,3,1798.17,316.35,App,PayPal,72
20073,2025-12-31,Valencia,Deportes,Esterilla Yoga,257.96,2,515.92,139.02,Online,Efectivo,71
20074,2025-12-16,Madrid,Deportes,Esterilla Yoga,105.58,5,527.9,56.36,App,Efectivo,62
20075,2025-08-12,Zaragoza,Deportes,Esterilla Yoga,290.62,2,581.24,201.87,Tienda Física,Tarjeta,90
20076,2025-10-07,Zaragoza,Deportes,Esterilla Yoga,741.87,2,1483.74,356.31,Online,Efectivo,25
20077,2025-12-03,Málaga,Deportes,Esterilla Yoga,655.44,5,3277.2,367.78,Online,Efectivo,58
20078,2025-12-13,Valencia,Hogar,Silla Escritorio,420.59,5,2102.95,292.08,Online,Efectivo,37
20079,2025-09-29,Barcelona,Electrónica,Smartphone,777.59,5,,449.15,Online,PayPal,15
20080,2025-09-27,Valencia,Hogar,Cafetera,566.24,5,2831.2,390.53,App,Tarjeta,6
20081,2025-08-05,Madrid,Deportes,Mancuernas,674.65,3,2023.95,393.03,Online,Tarjeta,32
20082,2025-01-07,Madrid,Deportes,Mancuernas,427.62,5,2138.1,293.51,App,Efectivo,62
20083,2025-03-14,Madrid,Ropa,Camiseta,34.2,4,136.8,22.32,Online,Tarjeta,11
20084,2025-07-23,Zaragoza,Deportes,Balón,175.49,1,175.49,71.27,Tienda Física,Efectivo,41
20085,2025-11-26,Málaga,Electrónica,Laptop,444.07,4,1776.28,303.75,App,PayPal,87
20086,2025-06-21,Sevilla,Electrónica,Tablet,35.19,2,70.38,20.77,Online,Efectivo,45
20087,2025-04-19,Zaragoza,Deportes,Bicicleta,595.51,1,595.51,352.28,Tienda Física,Tarjeta,94
20088,2025-04-03,Zaragoza,Electrónica,Auriculares,310.25,4,1241.0,193.59,Tienda Física,Tarjeta,24
20089,2025-03-14,Zaragoza,Hogar,Lámpara,213.0,4,852.0,88.44,Tienda Física,Efectivo,80
20090,2025-05-31,Sevilla,Electrónica,Smartphone,429.48,2,858.96,277.76,App,Efectivo,4
20091,2025-12-03,Málaga,Ropa,Chaqueta,712.91,1,712.91,297.05,App,PayPal,62
20092,2025-04-09,Sevilla,Deportes,Mancuernas,151.61,1,151.61,83.88,Tienda Física,Tarjeta,29
20093,2025-09-10,Sevilla,Ropa,Chaqueta,90.57,3,271.71,62.61,Online,Tarjeta,43
20094,2025-04-14,Málaga,Hogar,Cafetera,683.06,5,3415.3,477.89,Tienda Física,Efectivo,33
20095,2025-03-10,Sevilla,Ropa,Chaqueta,628.56,3,1885.68,387.93,Online,Efectivo,58
20096,2025-12-15,Valencia,Electrónica,Smartphone,687.85,1,687.85,379.12,App,PayPal,60
20097,2025-01-31,Valencia,Deportes,Balón,727.99,2,1455.98,443.92,Online,PayPal,3
20098,2025-08-15,Valencia,Electrónica,Auriculares,120.9,2,241.8,84.21,Tienda Física,Tarjeta,94
20099,2025-01-23,Sevilla,Hogar,Espejo,656.61,5,3283.05,418.19,App,PayPal,35
20100,2025-09-14,Barcelona,Deportes,Balón,607.63,2,1215.26,344.9,Online,Tarjeta,59
20101,2025-12-17,Málaga,Deportes,Mancuernas,633.29,3,1899.87,366.02,Online,Tarjeta,54
20102,2025-02-10,Barcelona,Deportes,Esterilla Yoga,609.35,4,2437.4,279.11,App,Efectivo,74
20103,2025-08-21,Valencia,Ropa,Zapatillas,109.45,2,218.9,45.53,Tienda Física,PayPal,19
20104,2025-07-24,Sevilla,Ropa,Pantalón,230.06,1,230.06,160.18,Online,Efectivo,51
20105,2025-09-06,Zaragoza,Hogar,Espejo,729.39,2,1458.78,309.08,Tienda Física,Tarjeta,59
20106,2025-08-08,Zaragoza,Hogar,Silla Escritorio,96.37,4,385.48,54.79,Online,PayPal,75
20107,2025-10-07,Zaragoza,Deportes,Mancuernas,221.96,4,887.84,150.96,Online,PayPal,89
20108,2025-02-21,Barcelona,Deportes,Esterilla Yoga,354.58,3,1063.74,166.17,App,PayPal,99
20109,2025-11-05,Sevilla,Deportes,Balón,456.84,4,1827.36,313.95,App,Tarjeta,75
20110,2025-04-18,Sevilla,Hogar,Espejo,155.63,3,466.89,74.58,App,Efectivo,53
20111,2025-07-27,Valencia,Electrónica,Auriculares,459.66,5,2298.3,292.39,Tienda Física,PayPal,31
20112,2025-10-05,Sevilla,Electrónica,Tablet,677.13,1,677.13,375.79,App,Efectivo,20
20113,2025-11-14,Barcelona,Electrónica,Laptop,58.61,5,293.05,38.38,Tienda Física,Tarjeta,76
20114,2025-10-03,,Ropa,Pantalón,620.32,3,1860.96,429.03,Tienda Física,Efectivo,71
20115,2025-11-23,Valencia,Deportes,Bicicleta,727.14,1,727.14,471.13,App,Tarjeta,72
20116,2025-10-01,Madrid,Deportes,Bicicleta,624.69,2,,361.25,Online,Efectivo,74
20117,2025-04-07,Málaga,Deportes,Bicicleta,724.74,5,3623.7,432.51,Tienda Física,PayPal,5
20118,2025-03-11,Sevilla,Ropa,Pantalón,764.79,3,2294.37,344.79,Online,Tarjeta,95
20119,2025-08-30,Valencia,Hogar,Cafetera,662.43,1,662.43,436.02,Tienda Física,Tarjeta,96
20120,2025-11-03,Valencia,Electrónica,Laptop,409.65,5,2048.25,207.78,App,Tarjeta,64
20121,2025-10-22,Barcelona,Ropa,Zapatillas,577.33,5,2886.65,393.88,Online,Tarjeta,76
20122,2025-03-07,Zaragoza,Hogar,Lámpara,352.32,5,1761.6,179.24,Tienda Física,PayPal,79
20123,2025-04-07,Valencia,Deportes,Mancuernas,297.83,3,893.49,142.34,Tienda Física,Tarjeta,97
20124,2025-05-10,Málaga,Deportes,Bicicleta,256.28,2,512.56,125.71,Online,Tarjeta,45
20125,2025-01-31,Valencia,Deportes,Mancuernas,256.7,5,1283.5,139.15,Tienda Física,Tarjeta,63
20126,2025-07-12,Madrid,Ropa,Camiseta,683.73,1,683.73,472.26,Online,Efectivo,20
20127,2025-01-05,Madrid,Deportes,Mancuernas,505.1,2,1010.2,252.5,App,Efectivo,23
20128,2025-02-25,Sevilla,Deportes,Esterilla Yoga,640.28,5,3201.4,337.49,App,PayPal,88
20129,2025-02-19,Málaga,Deportes,Bicicleta,16.78,4,67.12,7.42,Online,Efectivo,74
20130,2025-01-08,Sevilla,Electrónica,Laptop,240.42,1,240.42,158.05,Tienda Física,Tarjeta,14
20131,2025-11-06,Madrid,Electrónica,Auriculares,546.98,5,2734.9,326.38,Tienda Física,Tarjeta,93
20132,2025-01-16,Barcelona,Hogar,Cafetera,481.89,2,963.78,313.9,App,Tarjeta,10
20133,2025-03-05,Valencia,Deportes,Bicicleta,290.08,1,290.08,158.01,Online,PayPal,43
20134,2025-11-08,Valencia,Hogar,Lámpara,586.8,1,586.8,398.22,Tienda Física,Efectivo,55
20135,2025-03-20,Málaga,Electrónica,Tablet,751.61,1,751.61,519.48,Tienda Física,PayPal,11
20136,2025-06-25,Sevilla,Electrónica,Auriculares,457.3,1,457.3,187.73,App,Tarjeta,92
20137,2025-07-23,Barcelona,Hogar,Espejo,730.32,3,2190.96,493.99,Online,Efectivo,44
20138,2025-05-15,Madrid,Hogar,Silla Escritorio,619.39,1,619.39,358.87,Tienda Física,Tarjeta,41
20139,2025-04-30,Barcelona,Hogar,Lámpara,64.15,2,128.3,44.12,Tienda Física,PayPal,15
20140,2025-10-03,Madrid,Ropa,Zapatillas,623.36,4,2493.44,434.8,Online,Tarjeta,21
20141,2025-08-15,,Ropa,Zapatillas,377.62,1,377.62,246.04,Online,Efectivo,85
20142,2025-11-29,Madrid,Ropa,Camiseta,390.29,4,1561.16,205.11,Online,Tarjeta,38
20143,2025-02-04,Valencia,Deportes,Mancuernas,340.67,2,681.34,137.4,Online,PayPal,18
20144,2025-02-26,Zaragoza,Deportes,Esterilla Yoga,325.72,1,325.72,171.74,App,PayPal,7
20145,2025-07-19,Barcelona,Ropa,Zapatillas,240.4,5,,122.8,Online,PayPal,48
20146,2025-10-23,Zaragoza,Electrónica,Smartphone,793.31,2,1586.62,411.62,Online,Efectivo,25
20147,2025-02-12,Málaga,Hogar,Silla Escritorio,340.46,4,1361.84,186.32,App,Tarjeta,30
20148,2025-01-29,Málaga,Deportes,Mancuernas,509.12,5,2545.6,226.23,Tienda Física,Tarjeta,77
20149,2025-01-08,Zaragoza,Ropa,Chaqueta,358.69,3,1076.07,221.35,App,PayPal,94
20150,2025-04-08,Madrid,Hogar,Silla Escritorio,303.45,2,606.9,142.31,App,Tarjeta,49
20151,2025-08-31,Madrid,Ropa,Pantalón,50.35,3,151.05,28.77,Online,Efectivo,26
20152,2025-07-18,Madrid,Hogar,Espejo,507.74,5,2538.7,239.22,Tienda Física,Efectivo,96
20153,2025-05-04,Sevilla,Electrónica,Laptop,621.39,2,1242.78,426.45,Tienda Física,Tarjeta,64
20154,2025-02-11,Málaga,Deportes,Esterilla Yoga,347.32,5,1736.6,216.05,Online,PayPal,9
20155,2025-07-22,Zaragoza,Deportes,Esterilla Yoga,445.77,2,891.54,291.7,App,Tarjeta,13
20156,2025-11-03,Zaragoza,Deportes,Balón,452.73,2,905.46,195.52,Online,Efectivo,4
20157,2025-01-02,Barcelona,Electrónica,Auriculares,390.59,2,781.18,255.92,Online,Tarjeta,20
20158,2025-06-06,Zaragoza,Ropa,Pantalón,560.12,1,560.12,292.75,App,Tarjeta,57
20159,2025-12-13,Sevilla,Hogar,Silla Escritorio,573.8,1,573.8,361.51,Tienda Física,Efectivo,47
20160,2025-02-03,Barcelona,Deportes,Balón,315.4,2,630.8,138.85,App,Tarjeta,16
20161,2025-03-11,Málaga,Deportes,Bicicleta,313.95,2,627.9,201.55,App,Tarjeta,53
20162,2025-08-13,Valencia,Electrónica,Smartphone,593.26,3,1779.78,398.14,App,Tarjeta,44
20163,2025-06-07,Zaragoza,Deportes,Esterilla Yoga,637.0,1,637.0,398.97,Tienda Física,Tarjeta,25
20164,2025-06-21,Madrid,Deportes,Esterilla Yoga,343.53,3,1030.59,183.07,Online,Efectivo,52
20165,2025-12-25,Sevilla,Electrónica,Laptop,633.66,2,1267.32,369.81,Tienda Física,Efectivo,94
20166,2025-12-26,Valencia,Hogar,Lámpara,708.08,2,1416.16,337.84,App,PayPal,29
20167,2025-02-26,Sevilla,Electrónica,Tablet,637.8,1,637.8,271.79,Tienda Física,Tarjeta,73
20168,2025-08-04,Valencia,Ropa,Pantalón,718.37,4,2873.48,444.33,App,Tarjeta,1
20169,2025-09-02,Zaragoza,Electrónica,Tablet,729.34,3,2188.02,408.85,Tienda Física,Tarjeta,90
20170,2025-12-31,Zaragoza,Electrónica,Auriculares,342.21,1,342.21,149.46,Online,Efectivo,23
20171,2025-12-24,Madrid,Deportes,Esterilla Yoga,430.18,1,,277.93,Online,PayPal,89
20172,2025-06-05,Madrid,Deportes,Balón,394.92,4,,223.46,App,Tarjeta,5
20173,2025-12-31,Madrid,Electrónica,Auriculares,693.59,5,3467.95,457.11,Tienda Física,PayPal,16
20174,2025-04-19,Barcelona,Electrónica,Tablet,683.9,2,1367.8,380.6,Tienda Física,Tarjeta,19
20175,2025-09-18,Zaragoza,Hogar,Silla Escritorio,352.97,5,1764.85,182.4,Online,Efectivo,13
20176,2025-04-14,Zaragoza,Hogar,Silla Escritorio,722.02,5,3610.1,370.16,App,Tarjeta,60
20177,2025-08-20,Madrid,Ropa,Pantalón,105.17,5,525.85,48.35,Online,Efectivo,60
20178,2025-08-16,Valencia,Hogar,Silla Escritorio,637.18,1,637.18,308.04,Online,PayPal,6
20179,2025-05-17,Zaragoza,Ropa,Camiseta,298.38,4,,142.65,Online,PayPal,81
20180,2025-06-12,Zaragoza,Deportes,Bicicleta,583.76,3,1751.28,325.62,App,Efectivo,31
20181,2025-11-18,Madrid,Hogar,Espejo,150.85,5,754.25,62.24,Tienda Física,Tarjeta,56
20182,2025-07-20,Madrid,Hogar,Espejo,450.21,2,900.42,206.7,Tienda Física,Tarjeta,68
20183,2025-07-20,Barcelona,Hogar,Silla Escritorio,346.61,3,1039.83,217.02,App,PayPal,98
20184,2025-02-14,Sevilla,Deportes,Bicicleta,514.62,5,2573.1,280.37,Tienda Física,Tarjeta,45
20185,2025-07-14,Málaga,Deportes,Esterilla Yoga,664.45,4,2657.8,420.39,Tienda Física,Tarjeta,1
20186,2025-03-22,Barcelona,Electrónica,Tablet,718.02,4,2872.08,301.74,Online,Efectivo,55
20187,2025-03-19,Málaga,Electrónica,Tablet,690.26,1,690.26,389.62,Tienda Física,Tarjeta,100
20188,2025-12-31,Barcelona,Deportes,Esterilla Yoga,190.62,1,190.62,92.97,Online,PayPal,23
20189,2025-09-17,Sevilla,Deportes,Bicicleta,787.77,4,3151.08,436.29,App,PayPal,69
20190,2025-02-15,Valencia,Hogar,Espejo,721.65,1,721.65,386.04,Online,Tarjeta,62
20191,2025-07-16,Málaga,Deportes,Bicicleta,676.23,4,2704.92,273.8,Tienda Física,Efectivo,50
20192,2025-04-30,Málaga,Hogar,Lámpara,419.63,4,1678.52,274.46,Tienda Física,Tarjeta,21
20193,2025-08-25,Valencia,Electrónica,Tablet,319.55,3,958.65,177.63,Online,PayPal,52
20194,2025-12-31,Zaragoza,Deportes,Bicicleta,458.76,5,2293.8,264.51,Online,Tarjeta,40
20195,2025-10-17,Málaga,Ropa,Chaqueta,381.86,5,1909.3,196.69,App,PayPal,96
20196,2025-12-31,Madrid,Deportes,Mancuernas,592.78,3,1778.34,393.11,App,PayPal,1
20197,2025-10-09,Zaragoza,Ropa,Chaqueta,770.32,5,3851.6,353.04,Online,Tarjeta,2
20198,2025-05-04,Zaragoza,Electrónica,Auriculares,723.71,4,2894.84,325.83,App,Tarjeta,84
20199,2025-04-28,Valencia,Hogar,Cafetera,787.94,4,3151.76,343.76,App,Tarjeta,97
20200,2025-08-14,Madrid,Ropa,Pantalón,640.47,4,2561.88,336.7,App,PayPal,24
20201,2025-02-14,Sevilla,Hogar,Lámpara,322.54,1,322.54,133.51,Online,Tarjeta,32
20202,2025-02-03,Zaragoza,Electrónica,Tablet,497.43,1,497.43,232.07,App,PayPal,84
20203,2025-08-06,Madrid,Electrónica,Tablet,729.13,5,3645.65,313.85,App,PayPal,88
20204,2025-10-19,Madrid,Hogar,Espejo,331.06,2,662.12,174.81,Tienda Física,Tarjeta,47
20205,2025-11-12,Málaga,Deportes,Mancuernas,640.62,3,1921.86,316.57,Online,Efectivo,45
20206,2025-10-13,Sevilla,Ropa,Camiseta,233.96,5,1169.8,157.04,App,PayPal,17
20207,2025-10-19,Valencia,Ropa,Pantalón,386.82,2,773.64,249.91,App,PayPal,70
20208,2025-11-23,Málaga,Deportes,Bicicleta,56.65,4,226.6,38.68,Online,Efectivo,100
20209,2025-04-04,Madrid,Electrónica,Smartphone,145.97,5,729.85,88.17,App,PayPal,14
20210,2025-01-21,Barcelona,Ropa,Camiseta,547.76,5,2738.8,333.05,Tienda Física,PayPal,76
20211,2025-12-31,Madrid,Ropa,Camiseta,136.01,5,680.05,83.91,App,Tarjeta,57
20212,2025-10-18,Sevilla,Deportes,Bicicleta,135.91,4,543.64,91.3,Online,Efectivo,34
20213,2025-11-20,Barcelona,Deportes,Mancuernas,728.31,5,3641.55,369.92,Online,Efectivo,41
20214,2025-03-05,Zaragoza,Electrónica,Smartphone,46.06,4,184.24,29.98,Tienda Física,Tarjeta,94
20215,2025-11-22,Barcelona,Hogar,Lámpara,662.94,4,2651.76,372.65,App,Tarjeta,62
20216,2025-10-11,Zaragoza,Electrónica,Smartphone,169.05,4,676.2,69.04,Tienda Física,PayPal,94
20217,2025-12-04,Valencia,Deportes,Balón,498.27,3,1494.81,322.04,Tienda Física,PayPal,69
20218,2025-07-26,Sevilla,Ropa,Chaqueta,54.43,5,272.15,36.42,Online,Tarjeta,7
20219,2025-05-19,Sevilla,Electrónica,Smartphone,193.71,2,387.42,114.1,App,PayPal,39
20220,2025-07-01,Zaragoza,Hogar,Silla Escritorio,429.84,5,2149.2,176.68,Tienda Física,Tarjeta,13
20221,2025-10-16,Barcelona,Deportes,Mancuernas,431.67,1,431.67,265.21,Tienda Física,PayPal,98
20222,2025-08-19,Zaragoza,Ropa,Zapatillas,595.76,2,1191.52,261.7,App,Tarjeta,20
20223,2025-02-13,Sevilla,Deportes,Mancuernas,59.56,4,238.24,32.32,App,Tarjeta,85
20224,2025-03-11,Valencia,Hogar,Cafetera,230.17,5,1150.85,146.73,Online,PayPal,41
20225,2025-04-21,Barcelona,Hogar,Cafetera,362.03,1,362.03,181.9,Tienda Física,Efectivo,23
20226,2025-11-24,Valencia,Deportes,Mancuernas,142.42,1,142.42,67.28,Tienda Física,Efectivo,61
20227,2025-07-27,Barcelona,Electrónica,Laptop,383.12,3,,223.12,Online,Efectivo,33
20228,2025-05-02,Málaga,Deportes,Balón,448.59,2,897.18,268.31,Online,PayPal,75
20229,2025-11-08,Málaga,Electrónica,Auriculares,660.23,1,660.23,343.56,Tienda Física,Efectivo,69
20230,2025-02-28,Málaga,Ropa,Chaqueta,629.04,5,3145.2,277.32,App,PayPal,94
20231,2025-12-09,Zaragoza,Hogar,Silla Escritorio,764.94,1,764.94,530.82,Tienda Física,Tarjeta,23
20232,2025-06-19,Valencia,Ropa,Zapatillas,108.49,4,433.96,51.53,Online,Efectivo,36
20233,2025-03-02,Zaragoza,Electrónica,Tablet,769.99,2,1539.98,474.35,Tienda Física,Efectivo,82
20234,2025-08-24,Zaragoza,Ropa,Chaqueta,255.73,4,1022.92,118.95,Tienda Física,PayPal,51
20235,2025-03-24,Madrid,Ropa,Pantalón,105.87,5,529.35,47.54,App,Tarjeta,25
20236,2025-06-06,Valencia,Ropa,Camiseta,377.38,3,1132.14,181.94,App,Tarjeta,9
20237,2025-11-01,Málaga,Deportes,Bicicleta,614.6,3,1843.8,327.95,App,PayPal,41
20238,2025-03-13,Valencia,Deportes,Balón,303.5,4,1214.0,198.75,Tienda Física,Tarjeta,20
20239,2025-04-17,Sevilla,Hogar,Silla Escritorio,419.27,1,419.27,202.93,Online,PayPal,73
20240,2025-12-25,Málaga,Electrónica,Smartphone,498.68,4,,334.14,App,Efectivo,96
20241,2025-06-20,Zaragoza,Hogar,Cafetera,176.21,4,704.84,116.48,Tienda Física,PayPal,44
20242,2025-02-07,Zaragoza,Hogar,Cafetera,235.29,3,,116.57,Online,Efectivo,6
20243,2025-09-08,Zaragoza,Ropa,Pantalón,161.16,1,161.16,90.5,App,PayPal,38
20244,2025-09-01,Málaga,Deportes,Mancuernas,748.59,4,2994.36,515.96,App,PayPal,95
20245,2025-05-06,Zaragoza,Deportes,Bicicleta,391.48,5,1957.4,207.11,App,Tarjeta,89
20246,2025-02-04,Valencia,Ropa,Chaqueta,33.57,2,67.14,16.4,Tienda Física,Tarjeta,86
20247,2025-11-07,Madrid,Deportes,Balón,257.01,1,257.01,130.62,Tienda Física,Tarjeta,98
20248,2025-09-16,Zaragoza,Ropa,Camiseta,77.1,5,385.5,38.12,Tienda Física,Tarjeta,29
20249,2025-05-28,Zaragoza,Electrónica,Laptop,486.38,5,2431.9,223.34,App,PayPal,82
20250,2025-10-05,Barcelona,Electrónica,Tablet,68.95,5,344.75,34.35,App,PayPal,82
20251,2025-12-31,Valencia,Electrónica,Laptop,450.17,2,900.34,211.37,Tienda Física,PayPal,77
20252,2025-05-28,Barcelona,Hogar,Silla Escritorio,15.3,2,30.6,10.38,Tienda Física,Efectivo,24
20253,2025-06-15,Málaga,Hogar,Espejo,618.77,4,2475.08,265.56,Online,Tarjeta,84
20254,2025-04-28,Valencia,Ropa,Chaqueta,626.41,5,3132.05,355.95,App,PayPal,94
20255,2025-02-27,Zaragoza,Ropa,Pantalón,610.48,4,2441.92,341.0,Tienda Física,Efectivo,98
20256,2025-01-12,Zaragoza,Electrónica,Tablet,499.21,3,1497.63,312.2,App,Tarjeta,68
20257,2025-08-12,Barcelona,Hogar,Cafetera,17.71,1,17.71,8.58,App,PayPal,66
20258,2025-05-26,Zaragoza,Deportes,Esterilla Yoga,468.63,1,468.63,253.4,Online,Tarjeta,23
20259,2025-12-31,Valencia,Electrónica,Laptop,462.02,2,924.04,255.93,Tienda Física,Efectivo,35
20260,2025-11-06,Málaga,Deportes,Bicicleta,578.07,1,578.07,319.18,Tienda Física,Efectivo,96
20261,2025-03-06,Sevilla,Hogar,Silla Escritorio,772.66,1,772.66,520.6,Tienda Física,Tarjeta,26
20262,2025-09-05,Málaga,Hogar,Cafetera,796.95,4,,436.8,App,Efectivo,96
20263,2025-09-19,Sevilla,Hogar,Lámpara,306.51,1,306.51,176.66,App,PayPal,5
20264,2025-11-14,Sevilla,Hogar,Cafetera,452.29,3,1356.87,187.06,App,PayPal,60
20265,2025-10-20,Barcelona,Electrónica,Smartphone,424.52,3,1273.56,276.85,Online,PayPal,65
20266,2025-04-08,Valencia,Deportes,Bicicleta,398.67,1,398.67,273.67,App,Efectivo,43
20267,2025-04-07,Valencia,Hogar,Lámpara,334.15,4,1336.6,224.52,App,Tarjeta,29
20268,2025-09-05,Madrid,Hogar,Cafetera,180.7,1,180.7,115.19,Online,PayPal,21
20269,2025-09-28,Valencia,Electrónica,Laptop,658.4,1,658.4,355.54,App,Tarjeta,42
20270,2025-12-08,Zaragoza,Deportes,Mancuernas,88.7,2,177.4,49.54,App,Efectivo,100
20271,2025-04-07,Valencia,Electrónica,Auriculares,670.57,2,1341.14,444.52,App,Tarjeta,90
20272,2025-02-20,Madrid,Ropa,Zapatillas,640.08,5,3200.4,315.82,App,Tarjeta,13
20273,2025-02-19,Zaragoza,Hogar,Silla Escritorio,115.06,1,115.06,73.3,Online,PayPal,3
20274,2025-08-25,Málaga,Deportes,Mancuernas,203.33,1,203.33,93.08,Tienda Física,Efectivo,2
20275,2025-11-02,Zaragoza,Electrónica,Laptop,669.8,4,2679.2,432.88,App,Tarjeta,55
20276,2025-05-18,Málaga,Hogar,Cafetera,221.7,5,1108.5,146.41,Tienda Física,Efectivo,83
20277,2025-07-15,Valencia,Electrónica,Smartphone,322.22,1,322.22,152.91,App,PayPal,10
20278,2025-01-28,Zaragoza,Electrónica,Tablet,573.46,5,2867.3,288.52,Online,PayPal,19
20279,2025-02-24,Barcelona,Deportes,Mancuernas,593.55,3,,397.44,Online,PayPal,26
20280,2025-09-28,Málaga,Ropa,Chaqueta,798.11,1,798.11,359.94,Online,Tarjeta,7
20281,2025-07-27,Sevilla,Electrónica,Auriculares,797.84,1,797.84,478.23,App,Tarjeta,88
20282,2025-12-24,Valencia,Electrónica,Auriculares,419.87,3,1259.61,218.43,App,Efectivo,87
20283,2025-07-01,Zaragoza,Electrónica,Tablet,765.49,5,3827.45,509.17,App,PayPal,58
20284,2025-04-06,Madrid,Ropa,Pantalón,368.51,5,1842.55,167.44,Tienda Física,Efectivo,76
20285,2025-01-17,Barcelona,Hogar,Lámpara,364.15,5,1820.75,181.92,Online,Tarjeta,66
20286,2025-08-25,Barcelona,Deportes,Esterilla Yoga,726.65,5,3633.25,504.02,Online,Efectivo,40
20287,2025-06-23,Málaga,Deportes,Balón,136.3,1,136.3,88.95,Tienda Física,PayPal,31
20288,2025-09-09,Valencia,Hogar,Lámpara,792.72,2,1585.44,445.79,Tienda Física,Efectivo,40
20289,2025-06-14,Valencia,Deportes,Mancuernas,193.63,3,580.89,133.5,Tienda Física,Tarjeta,100
20290,2025-01-21,Málaga,Hogar,Cafetera,711.38,1,,419.89,Tienda Física,Tarjeta,44
20291,2025-08-03,Madrid,Electrónica,Auriculares,490.71,2,981.42,214.04,Tienda Física,Efectivo,99
20292,2025-05-10,Sevilla,Electrónica,Smartphone,87.57,3,262.71,48.73,App,Tarjeta,76
20293,2025-07-02,Sevilla,Hogar,Espejo,303.22,2,606.44,207.69,App,Tarjeta,82
20294,2025-03-16,Madrid,Electrónica,Smartphone,242.53,1,242.53,99.97,App,PayPal,43
20295,2025-05-06,Madrid,Ropa,Chaqueta,378.67,2,757.34,189.66,App,Tarjeta,44
20296,2025-06-05,Málaga,Electrónica,Smartphone,624.01,3,1872.03,377.09,Tienda Física,PayPal,35
20297,2025-11-04,Valencia,Deportes,Esterilla Yoga,363.01,4,1452.04,151.13,Online,PayPal,71
20298,2025-08-24,Barcelona,Hogar,Lámpara,753.54,2,1507.08,421.13,Tienda Física,Efectivo,9
20299,2025-06-10,Valencia,Hogar,Silla Escritorio,363.91,3,1091.73,241.98,Online,Efectivo,30
20300,2025-02-17,Zaragoza,Deportes,Balón,434.82,3,1304.46,175.56,Tienda Física,Tarjeta,79
20301,2025-08-05,Madrid,Hogar,Cafetera,52.06,2,104.12,22.09,Online,Tarjeta,56
20302,2025-01-31,Zaragoza,Hogar,Silla Escritorio,782.73,3,2348.19,340.01,Online,Efectivo,12
20303,2025-04-04,Barcelona,Electrónica,Auriculares,199.74,2,399.48,131.91,Tienda Física,Efectivo,85
20304,2025-07-31,Málaga,Electrónica,Auriculares,406.95,4,1627.8,229.02,Online,Tarjeta,68
20305,2025-09-01,Zaragoza,Electrónica,Laptop,182.73,1,182.73,93.92,Tienda Física,Tarjeta,37
20306,2025-10-29,Barcelona,Hogar,Lámpara,743.39,4,2973.56,470.48,App,PayPal,29
20307,2025-06-09,Sevilla,Ropa,Pantalón,343.87,2,687.74,183.54,Tienda Física,Tarjeta,10
20308,2025-01-25,Málaga,Deportes,Bicicleta,740.03,5,3700.15,324.52,Online,Tarjeta,17
20309,2025-06-22,Madrid,Electrónica,Smartphone,634.1,1,634.1,399.05,App,Tarjeta,33
20310,2025-08-10,Madrid,Electrónica,Laptop,693.52,4,2774.08,352.46,Tienda Física,Efectivo,87
20311,2025-10-02,Valencia,Electrónica,Smartphone,115.06,5,575.3,64.21,App,Efectivo,41
20312,2025-05-13,Zaragoza,Hogar,Lámpara,682.88,5,3414.4,280.02,App,Efectivo,1
20313,2025-12-05,Málaga,Deportes,Mancuernas,785.89,5,3929.45,513.29,App,Efectivo,33
20314,2025-11-03,Sevilla,Electrónica,Laptop,650.67,5,3253.35,383.96,App,PayPal,69
20315,2025-05-28,Málaga,Deportes,Mancuernas,785.53,2,1571.06,444.43,App,Tarjeta,89
20316,2025-05-31,Sevilla,Ropa,Zapatillas,302.58,4,1210.32,150.99,App,PayPal,7
20317,2025-02-07,Málaga,Deportes,Bicicleta,738.22,1,738.22,387.57,Online,Tarjeta,60
20318,2025-05-29,Málaga,Deportes,Balón,92.35,3,277.05,42.49,App,Tarjeta,24
20319,2025-04-13,Zaragoza,Deportes,Bicicleta,740.31,5,3701.55,455.94,Tienda Física,PayPal,56
20320,2025-11-10,Zaragoza,Ropa,Camiseta,438.64,4,1754.56,232.94,Tienda Física,PayPal,30
20321,2025-05-04,Barcelona,Deportes,Esterilla Yoga,483.39,3,1450.17,214.08,App,Tarjeta,66
20322,2025-04-25,Valencia,Electrónica,Auriculares,100.85,4,403.4,55.17,Online,Efectivo,74
20323,2025-07-28,Málaga,Ropa,Zapatillas,681.07,1,681.07,327.97,App,Tarjeta,79
20324,2025-07-22,Sevilla,Ropa,Camiseta,138.83,4,555.32,85.35,App,Efectivo,91
20325,2025-06-18,Sevilla,Electrónica,Smartphone,357.2,1,357.2,218.91,Tienda Física,Tarjeta,27
20326,2025-01-23,Sevilla,Hogar,Cafetera,512.92,3,1538.76,290.63,Tienda Física,Tarjeta,12
20327,2025-04-17,Madrid,Ropa,Zapatillas,582.3,1,,355.97,Tienda Física,Tarjeta,85
20328,2025-03-17,Valencia,Ropa,Chaqueta,396.01,2,792.02,170.58,App,Tarjeta,57
20329,2025-11-29,Madrid,Hogar,Cafetera,341.98,1,341.98,215.86,Tienda Física,PayPal,54
20330,2025-07-27,Valencia,Deportes,Esterilla Yoga,647.86,4,2591.44,394.21,Online,Efectivo,75
20331,2025-11-05,Zaragoza,Electrónica,Laptop,742.59,5,3712.95,393.75,Online,Efectivo,41
20332,2025-05-23,Valencia,Deportes,Mancuernas,621.65,4,2486.6,391.58,App,PayPal,44
20333,2025-04-09,Sevilla,Ropa,Camiseta,202.68,5,1013.4,117.2,Online,PayPal,76
20334,2025-10-05,Valencia,Hogar,Cafetera,637.52,4,2550.08,395.33,Tienda Física,Tarjeta,77
20335,2025-08-25,Valencia,Electrónica,Smartphone,288.13,1,288.13,119.95,Tienda Física,Efectivo,78
20336,2025-12-06,Barcelona,Deportes,Mancuernas,728.99,1,728.99,485.31,App,Efectivo,58
20337,2025-12-03,Barcelona,Electrónica,Tablet,574.51,1,574.51,245.42,App,Tarjeta,36
20338,2025-11-09,Madrid,Ropa,Pantalón,303.65,4,1214.6,140.05,App,Tarjeta,25
20339,2025-01-18,Barcelona,Ropa,Pantalón,747.98,2,1495.96,463.35,Tienda Física,Efectivo,81
20340,2025-06-29,Madrid,Hogar,Lámpara,160.87,1,160.87,86.98,Online,PayPal,99
20341,2025-06-03,Sevilla,Electrónica,Laptop,774.89,5,3874.45,337.55,Online,PayPal,79
20342,2025-07-27,Barcelona,Electrónica,Laptop,541.1,1,541.1,268.07,Tienda Física,PayPal,52
20343,2025-01-22,Sevilla,Hogar,Cafetera,25.29,4,101.16,15.35,Tienda Física,Tarjeta,31
20344,2025-05-20,Barcelona,Hogar,Lámpara,238.63,2,477.26,114.81,Tienda Física,Tarjeta,94
20345,2025-05-08,Valencia,Deportes,Mancuernas,269.93,2,539.86,113.73,App,PayPal,52
20346,2025-01-21,Barcelona,Deportes,Mancuernas,406.46,5,2032.3,229.73,App,Efectivo,59
20347,2025-03-04,Zaragoza,Electrónica,Smartphone,508.71,1,508.71,289.33,Tienda Física,PayPal,7
20348,2025-04-03,Barcelona,Ropa,Chaqueta,496.53,2,993.06,341.47,App,PayPal,6
20349,2025-09-06,Madrid,Ropa,Zapatillas,554.63,1,554.63,276.52,App,PayPal,84
20350,2025-11-23,Zaragoza,Ropa,Pantalón,95.97,3,287.91,48.63,App,PayPal,98
20351,2025-10-09,Madrid,Deportes,Bicicleta,718.92,4,2875.68,498.55,Tienda Física,Efectivo,87
20352,2025-05-29,Valencia,Hogar,Silla Escritorio,686.73,5,,361.19,Tienda Física,PayPal,32
20353,2025-08-05,Valencia,Ropa,Chaqueta,684.32,3,2052.96,357.53,App,Tarjeta,89
20354,2025-03-04,Valencia,Ropa,Pantalón,771.15,4,3084.6,371.71,Tienda Física,PayPal,56
20355,2025-02-24,Valencia,Ropa,Pantalón,367.89,2,735.78,148.11,App,Tarjeta,100
20356,2025-09-21,Sevilla,Ropa,Chaqueta,646.99,4,2587.96,412.19,Tienda Física,Tarjeta,25
20357,2025-01-29,Valencia,Ropa,Pantalón,138.9,4,555.6,62.52,Online,Tarjeta,62
20358,2025-05-29,Málaga,Deportes,Mancuernas,99.56,1,99.56,58.25,Tienda Física,PayPal,62
20359,2025-04-19,Zaragoza,Deportes,Mancuernas,791.33,4,3165.32,440.09,App,Efectivo,93
20360,2025-07-28,Málaga,Electrónica,Tablet,521.48,5,2607.4,230.03,App,Tarjeta,25
20361,2025-01-18,Barcelona,Hogar,Espejo,584.99,1,584.99,321.18,Online,PayPal,99
20362,2025-03-15,Barcelona,Electrónica,Tablet,128.97,1,128.97,68.81,App,Efectivo,13
20363,2025-11-06,Zaragoza,Ropa,Chaqueta,440.12,4,1760.48,186.74,Tienda Física,PayPal,26
20364,2025-01-27,Sevilla,Hogar,Espejo,634.49,2,1268.98,441.76,Online,PayPal,79
20365,2025-02-25,Madrid,Electrónica,Tablet,22.77,1,22.77,11.42,Tienda Física,Efectivo,74
20366,2025-01-07,Valencia,Deportes,Balón,396.69,5,1983.45,264.84,Tienda Física,PayPal,52
20367,2025-01-11,Zaragoza,Ropa,Chaqueta,540.61,5,2703.05,347.09,Tienda Física,Tarjeta,36
20368,2025-10-29,Valencia,Deportes,Bicicleta,648.06,2,1296.12,404.14,Online,Efectivo,38
20369,2025-07-19,Sevilla,Electrónica,Auriculares,339.3,1,339.3,159.8,App,Tarjeta,47
20370,2025-07-05,Málaga,Ropa,Chaqueta,537.69,3,1613.07,220.42,Tienda Física,PayPal,33
20371,2025-06-15,Málaga,Electrónica,Tablet,634.72,2,1269.44,389.21,Tienda Física,Efectivo,8
20372,2025-12-04,Zaragoza,Deportes,Bicicleta,44.62,3,133.86,24.62,App,PayPal,46
20373,2025-05-04,Barcelona,Electrónica,Auriculares,285.73,5,1428.65,174.27,Tienda Física,PayPal,78
20374,2025-03-15,Sevilla,Deportes,Esterilla Yoga,356.24,5,1781.2,180.54,App,PayPal,3
20375,2025-09-25,Madrid,Electrónica,Tablet,235.59,2,471.18,146.44,Tienda Física,Efectivo,63
20376,2025-04-29,Sevilla,Ropa,Chaqueta,627.44,3,1882.32,353.28,App,Tarjeta,88
20377,2025-03-09,Valencia,Hogar,Cafetera,409.55,2,819.1,176.66,App,Efectivo,42
20378,2025-02-06,Zaragoza,Ropa,Camiseta,163.77,1,163.77,106.19,Online,PayPal,53
20379,2025-02-04,Málaga,Electrónica,Smartphone,631.63,2,1263.26,406.33,Tienda Física,Efectivo,34
20380,2025-07-01,Sevilla,Deportes,Bicicleta,184.79,2,,112.57,Online,PayPal,68
20381,2025-08-23,Madrid,Electrónica,Auriculares,529.29,4,2117.16,359.39,Tienda Física,Tarjeta,74
20382,2025-10-11,Madrid,Deportes,Esterilla Yoga,799.51,5,3997.55,453.31,Online,Efectivo,34
20383,2025-04-05,Zaragoza,Electrónica,Tablet,409.13,1,409.13,251.43,Tienda Física,Efectivo,42
20384,2025-03-26,Málaga,Deportes,Bicicleta,667.65,2,1335.3,437.54,App,Efectivo,95
20385,2025-12-04,Madrid,Deportes,Mancuernas,100.0,4,400.0,44.27,Tienda Física,Efectivo,17
20386,2025-01-09,Sevilla,Electrónica,Laptop,713.05,4,2852.2,383.17,Online,Tarjeta,85
20387,2025-12-31,Málaga,Ropa,Camiseta,542.09,1,542.09,315.79,Tienda Física,Efectivo,85
20388,2025-01-17,Zaragoza,Electrónica,Tablet,96.23,2,192.46,45.46,App,Tarjeta,13
20389,2025-06-25,Zaragoza,Deportes,Balón,569.12,1,569.12,374.97,Tienda Física,Efectivo,74
20390,2025-03-26,Málaga,Hogar,Silla Escritorio,738.84,4,2955.36,326.02,App,Efectivo,67
20391,2025-09-25,Barcelona,Deportes,Esterilla Yoga,441.51,5,2207.55,250.42,Tienda Física,Tarjeta,94
20392,2025-03-14,Sevilla,Ropa,Camiseta,650.37,5,3251.85,278.64,Tienda Física,Tarjeta,82
20393,2025-06-14,Málaga,Electrónica,Auriculares,430.73,1,430.73,232.16,Online,Efectivo,53
20394,2025-01-12,Valencia,Electrónica,Smartphone,308.61,5,1543.05,158.82,Tienda Física,Tarjeta,91
20395,2025-03-22,Sevilla,Deportes,Esterilla Yoga,596.17,2,1192.34,271.65,App,Efectivo,81
20396,2025-12-23,Sevilla,Electrónica,Auriculares,421.33,3,1263.99,240.05,App,Tarjeta,54
20397,2025-03-07,Málaga,Hogar,Cafetera,354.9,4,1419.6,167.22,Tienda Física,PayPal,8
20398,2025-07-31,Valencia,Electrónica,Tablet,226.74,2,453.48,91.42,App,PayPal,46
20399,2025-11-27,Málaga,Electrónica,Laptop,16.75,2,33.5,9.96,Online,Tarjeta,9
20400,2025-09-09,Zaragoza,Deportes,Balón,710.06,5,3550.3,473.03,Tienda Física,Efectivo,71
20401,2025-07-03,Zaragoza,Electrónica,Smartphone,157.7,1,157.7,92.9,App,PayPal,28
20402,2025-06-11,Valencia,Electrónica,Laptop,194.96,4,779.84,133.48,App,Tarjeta,67
20403,2025-02-01,Valencia,Deportes,Bicicleta,234.3,1,234.3,113.31,App,Efectivo,7
20404,2025-08-08,Sevilla,Hogar,Silla Escritorio,383.57,2,767.14,254.92,App,Efectivo,96
20405,2025-10-14,Zaragoza,Hogar,Espejo,551.51,2,1103.02,326.25,Online,Efectivo,43
20406,2025-11-07,Sevilla,Hogar,Silla Escritorio,39.98,3,119.94,27.8,App,PayPal,30
20407,2025-08-23,Valencia,Deportes,Bicicleta,25.31,2,50.62,12.14,Tienda Física,PayPal,15
20408,2025-08-11,Sevilla,Electrónica,Smartphone,21.49,3,64.47,10.35,App,Efectivo,87
20409,2025-08-20,Barcelona,Electrónica,Smartphone,55.06,5,275.3,23.45,Tienda Física,PayPal,42
20410,2025-09-02,Madrid,Ropa,Pantalón,666.16,1,666.16,464.23,Online,Tarjeta,80
20411,2025-06-04,Zaragoza,Ropa,Pantalón,745.84,5,3729.2,396.38,Tienda Física,Tarjeta,57
20412,2025-04-09,Valencia,Ropa,Chaqueta,709.8,4,2839.2,483.25,Online,Tarjeta,83
20413,2025-01-23,Valencia,Deportes,Balón,734.73,1,734.73,484.47,Online,Tarjeta,71
20414,2025-08-25,Málaga,Ropa,Zapatillas,625.33,2,1250.66,289.76,Tienda Física,PayPal,65
20415,2025-04-05,Zaragoza,Deportes,Balón,342.28,3,1026.84,188.47,Tienda Física,Efectivo,30
20416,2025-02-22,Barcelona,Hogar,Lámpara,19.29,2,38.58,13.05,Online,PayPal,43
20417,2025-12-07,Valencia,Deportes,Esterilla Yoga,104.12,3,312.36,72.83,Tienda Física,Tarjeta,89
20418,2025-01-31,Sevilla,Hogar,Lámpara,244.33,3,732.99,105.14,Online,Tarjeta,42
20419,2025-12-19,Málaga,Electrónica,Smartphone,606.01,4,2424.04,337.44,App,Efectivo,5
20420,2025-04-29,Madrid,Hogar,Lámpara,657.29,5,3286.45,390.96,Tienda Física,Tarjeta,10
20421,2025-10-29,Madrid,Deportes,Mancuernas,222.58,2,445.16,106.38,Online,PayPal,58
20422,2025-01-03,Valencia,Electrónica,Tablet,765.93,3,2297.79,306.65,Online,Efectivo,97
20423,2025-04-04,Valencia,Hogar,Silla Escritorio,333.37,3,1000.11,230.18,App,PayPal,60
20424,2025-05-19,Madrid,Electrónica,Tablet,456.73,2,913.46,282.12,App,PayPal,3
20425,2025-05-11,Valencia,Hogar,Silla Escritorio,221.23,3,663.69,144.83,Online,Tarjeta,78
20426,2025-10-16,Barcelona,Deportes,Bicicleta,605.31,3,1815.93,417.87,App,Efectivo,62
20427,2025-03-13,Málaga,Electrónica,Tablet,411.87,5,2059.35,273.62,Online,Efectivo,41
20428,2025-08-07,Valencia,Ropa,Chaqueta,256.57,4,1026.28,123.95,App,Tarjeta,57
20429,2025-02-01,Málaga,Deportes,Bicicleta,277.24,2,554.48,176.31,Tienda Física,Tarjeta,84
20430,2025-10-14,Madrid,Hogar,Lámpara,602.92,4,2411.68,417.86,Online,Efectivo,5
20431,2025-11-01,Zaragoza,Hogar,Silla Escritorio,58.98,5,294.9,27.13,App,Tarjeta,9
20432,2025-03-27,Barcelona,Hogar,Lámpara,624.19,3,1872.57,404.34,App,Tarjeta,23
20433,2025-12-31,Málaga,Hogar,Cafetera,303.25,1,303.25,208.04,App,PayPal,44
20434,2025-06-27,Málaga,Deportes,Bicicleta,68.87,1,68.87,31.73,Tienda Física,Tarjeta,81
20435,2025-08-21,Zaragoza,Deportes,Balón,452.01,4,1808.04,291.77,App,PayPal,55
20436,2025-07-13,Madrid,Deportes,Esterilla Yoga,594.76,2,1189.52,291.45,Online,Tarjeta,1
20437,2025-07-10,Málaga,Hogar,Lámpara,450.51,3,1351.53,274.69,Tienda Física,Efectivo,79
20438,2025-11-03,Barcelona,Electrónica,Tablet,71.98,2,143.96,32.78,App,Efectivo,4
20439,2025-03-12,Madrid,Electrónica,Auriculares,650.58,1,650.58,424.14,App,Efectivo,26
20440,2025-01-04,Barcelona,Hogar,Silla Escritorio,476.37,2,952.74,303.7,App,Efectivo,45
20441,2025-02-17,Zaragoza,Deportes,Bicicleta,134.2,4,536.8,92.7,App,Efectivo,13
20442,2025-08-13,Madrid,Hogar,Silla Escritorio,421.69,3,1265.07,213.86,Online,Tarjeta,36
20443,2025-04-21,Sevilla,Deportes,Balón,734.72,4,2938.88,352.4,App,Efectivo,93
20444,2025-04-07,Barcelona,Hogar,Espejo,651.46,2,1302.92,347.59,Online,Tarjeta,27
20445,2025-07-22,Madrid,Ropa,Zapatillas,719.48,1,719.48,441.62,Tienda Física,Efectivo,46
20446,2025-01-10,Zaragoza,Hogar,Cafetera,593.38,3,1780.14,255.06,Tienda Física,Tarjeta,10
20447,2025-08-03,Madrid,Deportes,Esterilla Yoga,118.12,2,236.24,66.13,App,PayPal,86
20448,2025-10-31,Barcelona,Hogar,Espejo,173.77,4,695.08,76.56,App,Efectivo,48
20449,2025-07-12,Barcelona,Ropa,Pantalón,392.74,4,1570.96,184.4,Online,Efectivo,22
20450,2025-11-24,Sevilla,Electrónica,Smartphone,476.38,5,2381.9,292.97,Online,Tarjeta,27
20451,2025-03-20,Valencia,Electrónica,Tablet,543.8,3,1631.4,336.08,App,Efectivo,62
20452,2025-12-24,Zaragoza,Deportes,Esterilla Yoga,90.12,4,360.48,55.56,Online,Tarjeta,12
20453,2025-04-22,Sevilla,Ropa,Camiseta,469.59,1,469.59,287.55,Tienda Física,PayPal,6
20454,2025-04-27,Madrid,Hogar,Cafetera,447.59,4,1790.36,209.82,App,PayPal,84
20455,2025-05-02,Zaragoza,Ropa,Chaqueta,418.14,4,1672.56,179.73,Tienda Física,PayPal,37
20456,2025-02-24,Madrid,Deportes,Mancuernas,471.63,1,471.63,228.19,Online,PayPal,47
20457,2025-11-04,Madrid,Deportes,Esterilla Yoga,197.67,2,395.34,116.12,Online,Tarjeta,74
20458,2025-02-26,Madrid,Ropa,Chaqueta,719.22,3,2157.66,460.55,Online,Efectivo,26
20459,2025-06-21,Zaragoza,Ropa,Pantalón,553.9,1,553.9,293.64,App,Efectivo,8
20460,2025-01-29,Barcelona,Deportes,Esterilla Yoga,38.01,4,152.04,24.97,Tienda Física,Efectivo,32
20461,2025-09-28,Barcelona,Ropa,Chaqueta,799.26,4,3197.04,334.77,Tienda Física,PayPal,77
20462,2025-02-26,Sevilla,Hogar,Lámpara,125.69,1,125.69,86.61,Tienda Física,Efectivo,19
20463,2025-04-01,Barcelona,Ropa,Chaqueta,231.18,1,231.18,144.08,Online,PayPal,31
20464,2025-02-25,Zaragoza,Ropa,Pantalón,355.69,2,711.38,144.16,Tienda Física,Efectivo,79
20465,2025-11-04,Málaga,Ropa,Camiseta,90.06,4,,37.45,App,PayPal,27
20466,2025-11-05,Madrid,Hogar,Lámpara,458.75,5,2293.75,308.9,Online,Efectivo,48
20467,2025-04-21,Sevilla,Ropa,Pantalón,396.31,4,1585.24,208.33,App,PayPal,98
20468,2025-08-16,Barcelona,Ropa,Zapatillas,330.87,1,330.87,211.5,Online,Tarjeta,4
20469,2025-10-10,Zaragoza,Electrónica,Tablet,411.68,1,411.68,182.85,Tienda Física,Tarjeta,27
20470,2025-03-06,Barcelona,Hogar,Silla Escritorio,406.07,5,2030.35,227.46,App,Tarjeta,63
20471,2025-03-29,Madrid,Hogar,Silla Escritorio,515.91,2,1031.82,276.01,Tienda Física,PayPal,84
20472,2025-09-17,Madrid,Deportes,Mancuernas,469.99,1,469.99,194.22,Tienda Física,Efectivo,22
20473,2025-11-10,Málaga,Electrónica,Auriculares,481.43,2,962.86,269.93,Tienda Física,Efectivo,7
20474,2025-04-27,Sevilla,Hogar,Cafetera,352.11,2,704.22,160.32,App,Efectivo,92
20475,2025-12-11,Barcelona,Deportes,Mancuernas,621.81,1,621.81,317.56,Tienda Física,Tarjeta,39
20476,2025-06-20,Madrid,Ropa,Chaqueta,518.52,5,2592.6,232.89,Online,Efectivo,65
20477,2025-02-21,Sevilla,Ropa,Chaqueta,508.14,3,1524.42,276.45,Online,Efectivo,71
20478,2025-12-09,Málaga,Ropa,Camiseta,698.34,1,698.34,297.34,Tienda Física,PayPal,31
20479,2025-12-31,Barcelona,Ropa,Zapatillas,349.37,2,698.74,146.02,App,Efectivo,81
20480,2025-12-31,Zaragoza,Electrónica,Tablet,340.58,3,1021.74,199.2,Tienda Física,Efectivo,91
20481,2025-01-19,Zaragoza,Deportes,Balón,328.02,5,1640.1,149.63,Tienda Física,Tarjeta,2
20482,2025-05-14,Barcelona,Hogar,Espejo,409.22,2,818.44,164.36,Tienda Física,PayPal,35
20483,2025-12-10,Valencia,Deportes,Balón,360.69,2,721.38,181.85,Online,Tarjeta,78
20484,2025-04-23,Madrid,Deportes,Balón,786.75,5,3933.75,321.96,Online,Tarjeta,83
20485,2025-12-27,Málaga,Deportes,Esterilla Yoga,322.91,4,1291.64,165.11,App,Efectivo,91
20486,2025-12-31,Valencia,Deportes,Esterilla Yoga,78.34,1,78.34,31.44,Online,Efectivo,62
20487,2025-08-18,Málaga,Hogar,Lámpara,29.02,1,29.02,17.43,Online,Tarjeta,40
20488,2025-03-27,Valencia,Ropa,Camiseta,411.78,4,1647.12,260.95,App,Tarjeta,20
20489,2025-09-15,Zaragoza,Deportes,Balón,169.26,3,507.78,70.85,Tienda Física,Efectivo,64
20490,2025-09-05,Valencia,Ropa,Zapatillas,715.11,4,2860.44,320.77,Tienda Física,Efectivo,92
20491,2025-12-09,Málaga,Hogar,Espejo,669.98,3,,350.01,Online,PayPal,1
20492,2025-08-29,Barcelona,Deportes,Esterilla Yoga,627.1,1,627.1,438.36,Tienda Física,Tarjeta,57
20493,2025-08-05,Zaragoza,Electrónica,Tablet,681.56,4,2726.24,396.87,Online,Tarjeta,58
20494,2025-07-17,Sevilla,Deportes,Balón,739.47,1,739.47,393.9,Online,PayPal,61
20495,2025-11-10,Sevilla,Electrónica,Tablet,646.43,1,646.43,263.43,Tienda Física,PayPal,75
20496,2025-01-22,Valencia,Deportes,Balón,439.97,1,439.97,215.67,App,Efectivo,59
20497,2025-05-22,Valencia,Deportes,Bicicleta,356.37,3,1069.11,176.03,Online,PayPal,85
20498,2025-12-31,Madrid,Hogar,Silla Escritorio,102.45,1,102.45,64.69,Tienda Física,PayPal,13
20499,2025-02-23,Barcelona,Hogar,Espejo,401.79,4,1607.16,237.24,App,PayPal,69
20500,2025-06-18,Valencia,Hogar,Cafetera,75.18,1,75.18,42.95,Tienda Física,Efectivo,2
20501,2025-07-17,Zaragoza,Ropa,Chaqueta,366.35,1,,204.31,Tienda Física,Efectivo,44
20502,2025-05-20,Málaga,Hogar,Cafetera,289.72,3,869.16,195.37,Tienda Física,PayPal,56
20503,2025-08-02,Málaga,Ropa,Pantalón,139.71,3,419.13,63.12,Online,Efectivo,76
20504,2025-02-04,Málaga,Hogar,Espejo,486.69,5,2433.45,209.9,App,PayPal,51
20505,2025-03-26,Sevilla,Deportes,Mancuernas,33.64,5,168.2,21.57,App,Efectivo,34
20506,2025-08-30,Málaga,Deportes,Balón,482.91,3,1448.73,296.59,Online,Efectivo,38
20507,2025-10-26,Málaga,Electrónica,Smartphone,161.2,5,806.0,82.75,Tienda Física,Tarjeta,96
20508,2025-04-27,Valencia,Ropa,Zapatillas,573.8,2,1147.6,377.0,Tienda Física,Tarjeta,9
20509,2025-08-14,Málaga,Ropa,Pantalón,336.75,5,,172.79,Online,PayPal,37
20510,2025-11-07,Valencia,Deportes,Balón,473.73,4,1894.92,280.63,Online,Tarjeta,84
20511,2025-01-12,Sevilla,Electrónica,Laptop,721.24,1,721.24,447.11,Online,Tarjeta,89
20512,2025-07-02,Zaragoza,Ropa,Chaqueta,628.91,2,1257.82,366.2,Online,Tarjeta,96
20513,2025-09-23,Valencia,Electrónica,Auriculares,308.93,5,1544.65,184.77,App,PayPal,46
20514,2025-02-02,Málaga,Deportes,Balón,22.31,2,,15.22,App,PayPal,33
20515,2025-10-23,Sevilla,Ropa,Zapatillas,253.01,1,253.01,136.32,Online,Tarjeta,8
20516,2025-03-12,Valencia,Deportes,Bicicleta,621.38,5,3106.9,276.45,Tienda Física,PayPal,35
20517,2025-05-19,Valencia,Deportes,Balón,496.71,5,2483.55,204.58,Online,Tarjeta,56
20518,2025-04-27,Barcelona,Electrónica,Laptop,163.16,4,652.64,104.2,App,Efectivo,49
20519,2025-09-02,Madrid,Ropa,Zapatillas,407.94,4,1631.76,200.44,Tienda Física,PayPal,14
20520,2025-08-12,Valencia,Hogar,Espejo,287.22,3,861.66,140.88,Online,Tarjeta,82
20521,2025-05-25,Zaragoza,Deportes,Esterilla Yoga,768.08,2,,325.53,Tienda Física,Efectivo,52
20522,2025-12-10,Valencia,Electrónica,Tablet,448.9,1,448.9,221.61,Online,Efectivo,10
20523,2025-06-02,Valencia,Deportes,Balón,740.02,5,3700.1,368.52,Tienda Física,PayPal,36
20524,2025-04-04,Zaragoza,Hogar,Lámpara,282.11,3,846.33,155.21,App,Efectivo,88
20525,2025-04-29,Zaragoza,Hogar,Espejo,558.14,1,558.14,345.88,Online,Tarjeta,75
20526,2025-03-07,Madrid,Hogar,Lámpara,507.41,5,2537.05,242.56,Online,PayPal,63
20527,2025-11-23,Zaragoza,Deportes,Esterilla Yoga,34.11,2,68.22,22.76,App,Efectivo,59
20528,2025-04-06,Sevilla,Deportes,Bicicleta,29.5,3,88.5,17.39,Tienda Física,Efectivo,29
20529,2025-06-05,Barcelona,Deportes,Balón,497.85,5,2489.25,270.54,App,Tarjeta,10
20530,2025-01-25,Valencia,Hogar,Silla Escritorio,593.46,2,1186.92,283.94,App,Efectivo,51
20531,2025-08-25,Málaga,Deportes,Mancuernas,571.86,2,1143.72,292.03,Online,PayPal,69
20532,2025-12-10,Sevilla,Electrónica,Tablet,355.0,3,1065.0,181.24,Online,Tarjeta,14
20533,2025-12-18,Barcelona,Electrónica,Laptop,229.86,2,459.72,134.31,Tienda Física,Efectivo,10
20534,2025-02-21,Valencia,Ropa,Chaqueta,363.55,4,1454.2,171.34,Tienda Física,Efectivo,27
20535,2025-09-15,Sevilla,Deportes,Mancuernas,573.44,1,573.44,256.0,Tienda Física,PayPal,67
20536,2025-01-17,Barcelona,Hogar,Espejo,588.26,2,1176.52,239.81,Tienda Física,Efectivo,2
20537,2025-08-08,Valencia,Deportes,Balón,741.8,1,741.8,439.08,Tienda Física,Tarjeta,27
20538,2025-05-13,Barcelona,Electrónica,Auriculares,525.51,5,2627.55,327.15,Tienda Física,Tarjeta,97
20539,2025-07-01,Sevilla,Hogar,Cafetera,448.32,1,448.32,221.41,Online,PayPal,10
20540,2025-07-10,Sevilla,Electrónica,Tablet,359.15,2,718.3,216.73,Tienda Física,Efectivo,61
20541,2025-11-17,Valencia,Ropa,Pantalón,485.59,4,1942.36,283.48,Online,Tarjeta,19
20542,2025-07-08,Barcelona,Electrónica,Auriculares,180.86,1,180.86,108.4,App,PayPal,92
20543,2025-02-12,Sevilla,Ropa,Zapatillas,215.14,4,860.56,121.52,App,Tarjeta,96
20544,2025-12-31,Zaragoza,Hogar,Silla Escritorio,769.55,2,1539.1,464.68,App,PayPal,63
20545,2025-08-14,Barcelona,Deportes,Mancuernas,578.41,5,2892.05,258.02,Online,PayPal,2
20546,2025-08-01,Madrid,Deportes,Esterilla Yoga,485.01,4,1940.04,242.66,Tienda Física,PayPal,45
20547,2025-12-24,Barcelona,Electrónica,Smartphone,558.19,3,1674.57,357.76,Tienda Física,Tarjeta,86
20548,2025-03-17,Sevilla,Deportes,Mancuernas,101.92,3,305.76,68.08,Online,Tarjeta,22
20549,2025-08-02,Málaga,Ropa,Chaqueta,44.24,5,221.2,20.24,Tienda Física,Efectivo,98
20550,2025-02-15,Zaragoza,Hogar,Espejo,759.64,4,3038.56,319.72,Tienda Física,Tarjeta,43
20551,2025-05-13,Sevilla,Deportes,Esterilla Yoga,694.75,2,1389.5,410.99,Tienda Física,Tarjeta,57
20552,2025-01-11,Barcelona,Ropa,Camiseta,118.53,5,592.65,52.41,App,PayPal,43
20553,2025-10-01,Sevilla,Deportes,Balón,75.16,4,,32.38,Tienda Física,PayPal,10
20554,2025-03-27,Barcelona,Electrónica,Smartphone,680.02,2,1360.04,441.09,Tienda Física,Tarjeta,28
20555,2025-11-07,Valencia,Hogar,Silla Escritorio,195.4,2,390.8,125.59,App,PayPal,45
20556,2025-08-21,Málaga,Hogar,Lámpara,377.73,1,377.73,215.21,Tienda Física,Tarjeta,83
20557,2025-04-10,Málaga,Electrónica,Tablet,170.03,2,340.06,85.75,Tienda Física,PayPal,3
20558,2025-08-08,Zaragoza,Hogar,Silla Escritorio,561.14,2,1122.28,293.51,Tienda Física,Efectivo,65
20559,2025-09-24,Valencia,Hogar,Espejo,407.78,4,1631.12,169.32,Tienda Física,Tarjeta,88
20560,2025-08-25,Barcelona,Deportes,Mancuernas,82.46,4,329.84,37.0,Online,Tarjeta,75
20561,2025-01-19,Valencia,Ropa,Camiseta,583.19,1,583.19,386.99,App,PayPal,34
20562,2025-07-23,Zaragoza,Ropa,Camiseta,321.43,3,964.29,207.25,Tienda Física,PayPal,64
20563,2025-09-22,Barcelona,Electrónica,Laptop,512.57,4,2050.28,292.13,Tienda Física,Efectivo,100
20564,2025-04-14,Madrid,Deportes,Bicicleta,645.11,5,3225.55,320.62,Online,Efectivo,7
20565,2025-06-07,Barcelona,Hogar,Cafetera,198.9,1,198.9,82.81,Online,Efectivo,35
20566,2025-11-26,Málaga,Electrónica,Tablet,675.99,4,2703.96,437.15,Tienda Física,Efectivo,67
20567,2025-11-29,Zaragoza,Ropa,Pantalón,201.78,5,1008.9,90.79,Online,Tarjeta,84
20568,2025-04-24,Valencia,Electrónica,Tablet,580.52,4,2322.08,278.74,App,Tarjeta,85
20569,2025-05-15,Sevilla,Ropa,Pantalón,211.3,5,1056.5,99.22,App,PayPal,87
20570,2025-01-31,Zaragoza,Deportes,Balón,264.09,1,264.09,138.96,Tienda Física,PayPal,9
20571,2025-07-17,Sevilla,Electrónica,Smartphone,173.66,2,347.32,105.08,App,PayPal,29
20572,2025-12-26,Madrid,Electrónica,Smartphone,270.51,2,541.02,185.43,App,Tarjeta,19
20573,2025-09-06,Zaragoza,Deportes,Esterilla Yoga,756.93,4,3027.72,490.36,App,Efectivo,58
20574,2025-06-12,Valencia,Ropa,Zapatillas,623.24,2,1246.48,276.58,Tienda Física,Efectivo,63
20575,2025-12-13,Valencia,Deportes,Bicicleta,296.53,5,1482.65,173.69,Tienda Física,PayPal,54
20576,2025-03-05,Sevilla,Deportes,Esterilla Yoga,199.7,3,599.1,107.2,Online,PayPal,42
20577,2025-01-17,Zaragoza,Hogar,Silla Escritorio,738.27,1,,312.6,App,Efectivo,28
20578,2025-02-04,Barcelona,Deportes,Mancuernas,221.1,4,884.4,127.96,App,Tarjeta,3
20579,2025-10-20,Málaga,Hogar,Lámpara,560.25,2,1120.5,334.43,Online,Tarjeta,22
20580,2025-03-16,Málaga,Hogar,Silla Escritorio,61.84,5,309.2,41.3,App,Tarjeta,78
20581,2025-04-18,Barcelona,Hogar,Cafetera,751.42,4,3005.68,377.97,Tienda Física,PayPal,12
20582,2025-10-22,Zaragoza,Electrónica,Laptop,310.44,4,1241.76,184.97,App,Tarjeta,73
20583,2025-10-20,Valencia,Ropa,Camiseta,195.81,5,979.05,133.64,Online,PayPal,78
20584,2025-02-08,Zaragoza,Ropa,Pantalón,741.19,3,2223.57,371.65,App,Tarjeta,52
20585,2025-09-30,Madrid,Hogar,Lámpara,202.95,2,405.9,91.65,Tienda Física,Tarjeta,73
20586,2025-10-22,Sevilla,Ropa,Chaqueta,663.85,5,3319.25,359.73,App,PayPal,42
20587,2025-05-01,Madrid,Electrónica,Laptop,196.48,5,982.4,122.5,App,Tarjeta,47
20588,2025-07-20,Valencia,Deportes,Balón,475.82,5,2379.1,313.84,Online,Tarjeta,69
20589,2025-01-05,Valencia,Deportes,Mancuernas,476.68,5,2383.4,260.31,Online,PayPal,34
20590,2025-06-22,Barcelona,Deportes,Mancuernas,298.95,4,,121.59,App,Tarjeta,42
20591,2025-10-19,Sevilla,Deportes,Bicicleta,703.77,2,,375.95,Online,Efectivo,17
20592,2025-12-20,Barcelona,Ropa,Camiseta,220.61,5,1103.05,150.78,Tienda Física,PayPal,2
20593,2025-05-24,Zaragoza,Electrónica,Tablet,624.57,2,1249.14,252.6,Online,Efectivo,31
20594,2025-10-10,Sevilla,Electrónica,Laptop,486.15,1,486.15,205.38,App,Efectivo,94
20595,2025-02-18,Madrid,Hogar,Espejo,20.26,5,101.3,13.41,Tienda Física,PayPal,13
20596,2025-04-03,Madrid,Ropa,Camiseta,42.09,3,126.27,27.55,Online,PayPal,48
20597,2025-07-21,Madrid,Deportes,Balón,145.75,5,728.75,90.87,Online,PayPal,47
20598,2025-08-18,Valencia,Ropa,Pantalón,749.41,3,2248.23,442.89,App,Tarjeta,98
20599,2025-01-22,Barcelona,Ropa,Camiseta,562.92,1,562.92,286.31,App,Efectivo,3
20600,2025-12-01,Sevilla,Electrónica,Tablet,794.77,1,794.77,529.58,Online,Efectivo,30
20601,2025-04-20,Madrid,Deportes,Esterilla Yoga,464.61,1,464.61,255.93,App,PayPal,17
20602,2025-05-05,Madrid,Ropa,Pantalón,309.95,5,1549.75,193.14,Tienda Física,PayPal,35
20603,2025-06-26,Barcelona,Hogar,Silla Escritorio,755.99,5,3779.95,418.26,Online,PayPal,74
20604,2025-09-26,Sevilla,Electrónica,Tablet,252.08,5,1260.4,170.25,Tienda Física,Tarjeta,66
20605,2025-06-12,Sevilla,Electrónica,Auriculares,34.89,5,174.45,23.19,Online,Efectivo,50
20606,2025-01-21,Valencia,Hogar,Cafetera,489.35,5,2446.75,311.53,Online,PayPal,28
20607,2025-09-09,Málaga,Electrónica,Laptop,92.33,5,461.65,44.94,Online,PayPal,39
20608,2025-05-11,Barcelona,Deportes,Mancuernas,649.29,4,2597.16,339.46,Tienda Física,Efectivo,39
20609,2025-08-20,Zaragoza,Electrónica,Smartphone,530.06,3,1590.18,277.16,Online,Tarjeta,4
20610,2025-12-31,Barcelona,Electrónica,Laptop,556.85,5,2784.25,233.24,App,Efectivo,31
20611,2025-11-19,Valencia,Ropa,Zapatillas,588.95,1,588.95,376.28,App,Tarjeta,39
20612,2025-11-12,Valencia,Deportes,Bicicleta,424.05,1,424.05,232.62,Online,Tarjeta,98
20613,2025-03-18,Barcelona,Electrónica,Smartphone,739.81,1,739.81,481.16,App,Tarjeta,11
20614,2025-12-23,Zaragoza,Ropa,Camiseta,95.45,3,286.35,41.33,Tienda Física,Efectivo,24
20615,2025-01-15,Barcelona,Hogar,Silla Escritorio,549.52,3,1648.56,349.76,Tienda Física,PayPal,3
20616,2025-10-26,Barcelona,Electrónica,Laptop,248.69,3,746.07,107.69,App,Tarjeta,92
20617,2025-12-25,Barcelona,Hogar,Lámpara,88.63,5,443.15,51.26,Online,Efectivo,96
20618,2025-08-26,Málaga,Electrónica,Tablet,790.01,4,3160.04,490.34,Online,PayPal,40
20619,2025-06-03,Valencia,Electrónica,Tablet,666.05,2,1332.1,422.78,Tienda Física,PayPal,4
20620,2025-01-19,Barcelona,Electrónica,Smartphone,573.22,4,2292.88,361.43,App,PayPal,34
20621,2025-04-08,Valencia,Electrónica,Laptop,758.3,5,3791.5,336.51,Online,PayPal,49
20622,2025-06-23,Málaga,Electrónica,Auriculares,237.53,4,950.12,148.95,Online,Efectivo,39
20623,2025-11-20,Zaragoza,Deportes,Balón,355.31,1,355.31,185.11,Tienda Física,Tarjeta,82
20624,2025-01-28,Sevilla,Hogar,Espejo,531.38,4,2125.52,371.82,Tienda Física,PayPal,66
20625,2025-04-23,Zaragoza,Ropa,Chaqueta,474.5,3,1423.5,306.81,Online,Tarjeta,100
20626,2025-04-20,Madrid,Ropa,Camiseta,142.72,2,285.44,84.19,App,Efectivo,7
20627,2025-05-07,Barcelona,Deportes,Balón,421.24,1,421.24,273.4,Tienda Física,PayPal,76
20628,2025-07-18,Madrid,Hogar,Cafetera,234.2,2,468.4,109.89,App,Tarjeta,8
20629,2025-11-27,Madrid,Deportes,Mancuernas,696.14,5,3480.7,470.86,Online,Efectivo,17
20630,2025-12-26,Barcelona,Hogar,Silla Escritorio,155.48,1,155.48,88.89,App,Efectivo,65
20631,2025-11-05,Valencia,Ropa,Zapatillas,695.8,3,2087.4,292.88,Tienda Física,Tarjeta,82
20632,2025-11-12,,Hogar,Silla Escritorio,564.01,2,1128.02,353.25,Tienda Física,Efectivo,79
20633,2025-04-07,Madrid,Ropa,Camiseta,407.05,3,1221.15,246.05,Tienda Física,PayPal,57
20634,2025-09-09,Valencia,Deportes,Mancuernas,774.98,2,1549.96,506.91,Online,PayPal,2
20635,2025-02-15,Valencia,Ropa,Zapatillas,657.5,4,,314.8,App,Tarjeta,38
20636,2025-04-29,Sevilla,Electrónica,Auriculares,122.92,3,368.76,71.23,App,PayPal,66
20637,2025-01-26,Zaragoza,Hogar,Cafetera,78.05,2,156.1,34.85,Online,Tarjeta,86
20638,2025-06-08,Sevilla,Electrónica,Laptop,293.46,5,1467.3,145.73,Tienda Física,Tarjeta,50
20639,2025-05-29,Barcelona,Deportes,Esterilla Yoga,671.15,2,1342.3,442.52,Online,Tarjeta,34
20640,2025-01-29,Málaga,Ropa,Pantalón,415.44,1,415.44,187.19,Online,Efectivo,99
20641,2025-06-25,Zaragoza,Electrónica,Auriculares,568.59,2,1137.18,278.44,Tienda Física,Efectivo,11
20642,2025-01-16,Valencia,Deportes,Esterilla Yoga,404.87,2,809.74,212.99,App,Tarjeta,87
20643,2025-03-02,Valencia,Hogar,Espejo,413.09,3,1239.27,258.63,App,PayPal,44
20644,2025-10-21,Madrid,Deportes,Bicicleta,697.79,3,2093.37,334.81,App,Efectivo,85
20645,2025-11-10,Valencia,Hogar,Espejo,64.03,1,64.03,37.51,Tienda Física,Tarjeta,81
20646,2025-07-18,Sevilla,Hogar,Espejo,163.07,4,652.28,78.65,App,Efectivo,32
20647,2025-12-31,Zaragoza,Hogar,Silla Escritorio,19.16,4,76.64,9.08,Online,Efectivo,70
20648,2025-12-19,Valencia,Hogar,Espejo,717.47,2,1434.94,386.36,Tienda Física,PayPal,1
20649,2025-09-15,Madrid,Electrónica,Auriculares,275.87,4,1103.48,114.85,Tienda Física,PayPal,79
20650,2025-08-05,Málaga,Electrónica,Tablet,251.62,1,251.62,117.15,App,Efectivo,44
20651,2025-03-26,Madrid,Hogar,Lámpara,339.61,4,1358.44,195.6,Tienda Física,PayPal,31
20652,2025-03-04,Barcelona,Deportes,Balón,22.78,3,68.34,14.32,Tienda Física,Tarjeta,76
20653,2025-09-19,Valencia,Electrónica,Laptop,623.06,4,2492.24,273.96,Online,Tarjeta,63
20654,2025-03-02,Madrid,Deportes,Mancuernas,342.09,3,1026.27,209.53,App,Tarjeta,73
20655,2025-02-11,Zaragoza,Ropa,Chaqueta,273.99,2,547.98,145.68,Tienda Física,Tarjeta,73
20656,2025-09-18,Madrid,Deportes,Esterilla Yoga,417.37,5,2086.85,203.72,Online,PayPal,53
20657,2025-09-16,Barcelona,Deportes,Balón,289.14,2,578.28,141.12,Online,Efectivo,15
20658,2025-06-26,Sevilla,Electrónica,Auriculares,364.44,5,1822.2,235.45,Tienda Física,PayPal,11
20659,2025-02-22,Zaragoza,Ropa,Pantalón,74.28,3,222.84,49.86,App,Tarjeta,77
20660,2025-08-23,Málaga,Electrónica,Tablet,657.79,2,1315.58,418.55,Online,Efectivo,100
20661,2025-08-22,Zaragoza,Hogar,Lámpara,280.52,3,841.56,129.35,App,Tarjeta,36
20662,2025-01-19,Málaga,Deportes,Balón,94.68,4,378.72,41.73,Online,Tarjeta,88
20663,2025-03-15,Madrid,Deportes,Bicicleta,784.29,1,784.29,349.82,App,Efectivo,78
20664,2025-02-07,Málaga,Ropa,Pantalón,538.37,3,1615.11,345.61,App,Efectivo,85
20665,2025-02-14,Zaragoza,Ropa,Chaqueta,461.03,5,2305.15,314.7,Online,Efectivo,86
20666,2025-10-08,Madrid,Ropa,Chaqueta,382.12,3,1146.36,157.06,Online,PayPal,16
20667,2025-03-12,Málaga,Ropa,Camiseta,108.82,3,326.46,57.06,App,Tarjeta,70
20668,2025-05-02,Valencia,Hogar,Cafetera,162.07,5,810.35,66.04,Tienda Física,Efectivo,60
20669,2025-09-06,Zaragoza,Electrónica,Smartphone,581.07,4,2324.28,274.48,Online,PayPal,80
20670,2025-06-12,Sevilla,Electrónica,Auriculares,407.25,1,407.25,262.85,Tienda Física,Tarjeta,77
20671,2025-06-14,Málaga,Deportes,Bicicleta,789.76,4,3159.04,380.45,App,PayPal,26
20672,2025-04-03,Madrid,Electrónica,Tablet,651.68,5,,268.92,Tienda Física,PayPal,42
20673,2025-11-28,Valencia,Electrónica,Smartphone,405.01,3,1215.03,264.22,App,PayPal,2
20674,2025-04-25,Zaragoza,Ropa,Chaqueta,567.64,1,567.64,265.99,Online,Efectivo,73
20675,2025-08-05,Madrid,Hogar,Espejo,409.22,2,818.44,218.35,Tienda Física,Tarjeta,94
20676,2025-06-09,Valencia,Deportes,Balón,202.91,4,811.64,86.57,App,PayPal,26
20677,2025-11-28,Zaragoza,Deportes,Mancuernas,576.1,5,2880.5,277.51,App,Efectivo,73
20678,2025-10-13,Sevilla,Hogar,Espejo,430.21,2,860.42,277.44,Tienda Física,Efectivo,31
20679,2025-07-21,Valencia,Deportes,Bicicleta,742.56,5,3712.8,374.56,Tienda Física,PayPal,45
20680,2025-12-16,Sevilla,Hogar,Espejo,385.15,3,1155.45,202.13,Tienda Física,Efectivo,49
20681,2025-07-06,Málaga,Deportes,Bicicleta,441.27,1,441.27,305.16,Online,PayPal,39
20682,2025-07-26,Zaragoza,Hogar,Espejo,657.62,1,657.62,289.85,App,Tarjeta,50
20683,2025-04-20,Málaga,Hogar,Lámpara,681.41,3,2044.23,344.12,Online,PayPal,11
20684,2025-02-10,Barcelona,Deportes,Mancuernas,113.59,1,113.59,70.19,Tienda Física,Tarjeta,46
20685,2025-07-22,Málaga,Hogar,Silla Escritorio,493.3,1,493.3,208.77,Tienda Física,Efectivo,59
20686,2025-10-21,Málaga,Electrónica,Smartphone,115.13,4,460.52,59.46,Tienda Física,Efectivo,73
20687,2025-10-18,Málaga,Ropa,Zapatillas,195.99,4,783.96,122.61,Tienda Física,PayPal,78
20688,2025-04-30,Valencia,Electrónica,Tablet,533.65,5,2668.25,326.15,Online,Tarjeta,44
20689,2025-01-27,Valencia,Electrónica,Laptop,710.46,4,2841.84,367.4,Tienda Física,Efectivo,64
20690,2025-02-09,Sevilla,Electrónica,Smartphone,438.07,1,438.07,211.25,Online,Efectivo,32
20691,2025-04-11,Málaga,Electrónica,Auriculares,613.3,4,2453.2,405.38,App,PayPal,92
20692,2025-08-18,Madrid,Electrónica,Auriculares,750.01,2,1500.02,357.39,App,Efectivo,23
20693,2025-05-11,Valencia,Ropa,Chaqueta,712.89,3,2138.67,409.49,Tienda Física,Tarjeta,86
20694,2025-03-10,Sevilla,Ropa,Chaqueta,590.11,3,1770.33,238.07,Tienda Física,Tarjeta,94
20695,2025-02-20,Madrid,Electrónica,Laptop,623.37,1,623.37,272.28,App,Tarjeta,1
20696,2025-12-06,Sevilla,Deportes,Balón,458.41,1,458.41,305.43,Tienda Física,Efectivo,15
20697,2025-02-01,Málaga,Hogar,Espejo,621.78,3,1865.34,381.6,Tienda Física,Efectivo,43
20698,2025-11-15,Sevilla,Ropa,Camiseta,294.92,3,884.76,124.74,Tienda Física,Tarjeta,39
20699,2025-02-28,Málaga,Ropa,Camiseta,725.35,4,2901.4,408.07,Online,Tarjeta,85
20700,2025-03-31,Sevilla,Ropa,Zapatillas,682.28,2,1364.56,402.18,App,PayPal,50
20701,2025-04-08,Madrid,Ropa,Chaqueta,550.84,5,2754.2,237.46,App,PayPal,49
20702,2025-12-27,Málaga,Electrónica,Auriculares,260.24,4,1040.96,114.64,App,Efectivo,61
20703,2025-08-21,Málaga,Ropa,Zapatillas,325.26,5,1626.3,167.02,Online,Tarjeta,37
20704,2025-04-08,Zaragoza,Electrónica,Auriculares,301.82,5,1509.1,193.34,Online,PayPal,2
20705,2025-03-10,Málaga,Hogar,Espejo,696.27,1,696.27,314.46,Tienda Física,PayPal,61
20706,2025-08-25,Sevilla,Ropa,Zapatillas,622.2,5,3111.0,399.49,App,Tarjeta,70
20707,2025-06-29,Barcelona,Electrónica,Tablet,298.35,3,895.05,133.66,App,Tarjeta,90
20708,2025-10-27,Zaragoza,Ropa,Camiseta,407.8,1,407.8,271.84,Online,Tarjeta,92
20709,2025-08-18,Valencia,Ropa,Zapatillas,404.58,2,809.16,200.57,App,Efectivo,71
20710,2025-04-30,Barcelona,Electrónica,Tablet,487.2,5,2436.0,203.34,App,PayPal,13
20711,2025-10-18,Málaga,Electrónica,Laptop,604.76,2,,404.03,App,PayPal,16
20712,2025-04-03,Málaga,Hogar,Lámpara,462.2,5,2311.0,242.13,Tienda Física,PayPal,32
20713,2025-08-19,Zaragoza,Hogar,Espejo,383.53,2,767.06,246.56,Online,Tarjeta,49
20714,2025-05-09,Valencia,Deportes,Balón,697.31,2,1394.62,349.01,Online,PayPal,70
20715,2025-11-29,Málaga,Hogar,Cafetera,792.42,1,792.42,426.47,Tienda Física,Efectivo,32
20716,2025-11-12,Valencia,Deportes,Bicicleta,58.44,1,58.44,39.83,Tienda Física,Efectivo,35
20717,2025-05-23,Madrid,Deportes,Balón,294.47,3,883.41,178.97,Tienda Física,Efectivo,38
20718,2025-01-03,Barcelona,Electrónica,Tablet,477.57,5,2387.85,239.61,Online,Efectivo,24
20719,2025-04-12,Barcelona,Ropa,Camiseta,282.84,3,848.52,182.65,Tienda Física,Tarjeta,81
20720,2025-06-08,Valencia,Electrónica,Auriculares,484.31,5,2421.55,208.83,App,PayPal,95
20721,2025-07-30,Málaga,Ropa,Chaqueta,763.76,4,,447.27,App,Tarjeta,79
20722,2025-05-16,Sevilla,Deportes,Bicicleta,232.56,4,,144.27,App,PayPal,87
20723,2025-12-12,Málaga,Ropa,Camiseta,626.72,4,2506.88,311.92,App,Efectivo,40
20724,2025-02-12,Zaragoza,Deportes,Balón,86.27,1,86.27,52.79,Online,PayPal,48
20725,2025-11-03,Madrid,Ropa,Camiseta,689.11,1,689.11,382.91,App,Tarjeta,100
20726,2025-03-19,Barcelona,Deportes,Balón,627.75,2,1255.5,252.48,Online,PayPal,60
20727,2025-11-21,Barcelona,Ropa,Chaqueta,297.94,5,1489.7,122.59,Tienda Física,Efectivo,92
20728,2025-02-13,Madrid,Ropa,Pantalón,326.18,1,326.18,201.22,App,Tarjeta,63
20729,2025-03-13,Zaragoza,Ropa,Pantalón,789.57,2,1579.14,386.66,App,Tarjeta,64
20730,2025-05-27,Valencia,Hogar,Espejo,366.08,4,1464.32,225.07,App,PayPal,63
20731,2025-03-07,Zaragoza,Ropa,Pantalón,781.09,5,,353.14,Online,PayPal,72
20732,2025-12-02,Barcelona,Electrónica,Laptop,542.86,2,1085.72,365.59,Online,Tarjeta,43
20733,2025-01-25,Málaga,Hogar,Silla Escritorio,512.52,4,2050.08,298.41,Tienda Física,Tarjeta,38
20734,2025-01-15,Sevilla,Electrónica,Laptop,46.98,3,140.94,21.42,App,Tarjeta,99
20735,2025-01-05,Madrid,Deportes,Esterilla Yoga,297.97,3,893.91,172.62,Online,PayPal,91
20736,2025-12-21,Valencia,Ropa,Pantalón,549.04,3,1647.12,249.52,Tienda Física,Efectivo,100
20737,2025-05-17,Málaga,Deportes,Esterilla Yoga,199.99,1,199.99,139.21,Online,Efectivo,38
20738,2025-08-30,Málaga,Hogar,Lámpara,246.53,1,246.53,140.59,Tienda Física,Tarjeta,78
20739,2025-02-25,Málaga,Hogar,Lámpara,548.78,2,1097.56,264.83,Online,Efectivo,98
20740,2025-02-12,Sevilla,Ropa,Pantalón,112.12,3,336.36,58.4,Online,Tarjeta,71
20741,2025-07-13,Madrid,Electrónica,Smartphone,764.97,1,764.97,387.0,Online,Efectivo,6
20742,2025-05-17,Málaga,Ropa,Pantalón,448.1,5,2240.5,298.51,Tienda Física,Efectivo,8
20743,2025-10-12,Barcelona,Hogar,Lámpara,744.6,2,1489.2,307.17,Online,Tarjeta,67
20744,2025-05-25,Zaragoza,Deportes,Bicicleta,372.05,1,372.05,221.93,Tienda Física,PayPal,75
20745,2025-11-09,Valencia,Hogar,Lámpara,788.91,1,788.91,324.54,App,Efectivo,23
20746,2025-11-26,Madrid,Deportes,Balón,257.03,1,257.03,118.86,Tienda Física,Tarjeta,38
20747,2025-06-07,Valencia,Ropa,Zapatillas,290.07,2,580.14,131.88,App,Efectivo,18
20748,2025-06-01,Málaga,Ropa,Chaqueta,291.71,5,1458.55,171.31,App,Efectivo,54
20749,2025-01-18,Madrid,Hogar,Lámpara,673.15,1,673.15,398.86,Online,Tarjeta,49
20750,2025-12-03,Zaragoza,Deportes,Bicicleta,161.02,4,644.08,109.73,App,Efectivo,87
20751,2025-09-01,Sevilla,Ropa,Pantalón,545.63,2,1091.26,367.1,Online,PayPal,5
20752,2025-11-10,Madrid,Deportes,Esterilla Yoga,506.51,3,1519.53,228.56,Online,Tarjeta,82
20753,2025-07-13,Sevilla,Ropa,Zapatillas,459.53,1,459.53,254.64,Online,PayPal,100
20754,2025-09-15,Sevilla,Deportes,Mancuernas,729.31,2,1458.62,362.65,App,Efectivo,5
20755,2025-08-09,Madrid,Hogar,Cafetera,715.3,1,715.3,389.11,Online,Efectivo,19
20756,2025-09-23,Madrid,Ropa,Pantalón,109.12,2,218.24,59.6,Online,Tarjeta,86
20757,2025-05-08,Málaga,Electrónica,Laptop,376.68,2,753.36,162.5,Online,Tarjeta,13
20758,2025-09-01,Zaragoza,Deportes,Mancuernas,413.17,4,1652.68,263.36,Tienda Física,Tarjeta,1
20759,2025-03-22,Valencia,Deportes,Esterilla Yoga,453.98,5,2269.9,272.54,Tienda Física,PayPal,4
20760,2025-05-15,Zaragoza,Deportes,Mancuernas,594.74,4,2378.96,287.22,Online,Tarjeta,79
20761,2025-12-31,Zaragoza,Electrónica,Tablet,18.33,2,36.66,7.88,Tienda Física,PayPal,68
20762,2025-05-21,Madrid,Electrónica,Smartphone,677.71,3,2033.13,459.57,Online,Tarjeta,20
20763,2025-09-06,Málaga,Hogar,Lámpara,222.84,3,668.52,137.12,Tienda Física,Efectivo,55
20764,2025-09-22,Zaragoza,Hogar,Silla Escritorio,647.78,4,2591.12,362.76,Online,Efectivo,86
20765,2025-01-30,Barcelona,Hogar,Silla Escritorio,283.66,1,283.66,173.17,Online,Tarjeta,75
20766,2025-07-23,Málaga,Deportes,Mancuernas,61.98,1,61.98,26.49,Tienda Física,Tarjeta,21
20767,2025-04-24,Madrid,Deportes,Bicicleta,562.34,1,562.34,237.93,Online,Efectivo,36
20768,2025-01-12,Sevilla,Deportes,Balón,27.03,3,81.09,12.58,App,PayPal,77
20769,2025-04-21,Madrid,Electrónica,Smartphone,337.45,3,1012.35,166.24,App,Tarjeta,46
20770,2025-09-25,Zaragoza,Electrónica,Tablet,679.23,1,679.23,466.26,App,Tarjeta,77
20771,2025-01-07,Sevilla,Ropa,Camiseta,613.66,4,2454.64,364.22,App,Tarjeta,67
20772,2025-05-22,Valencia,Ropa,Camiseta,92.69,5,,55.73,App,Tarjeta,89
20773,2025-02-18,Sevilla,Electrónica,Tablet,90.07,1,90.07,58.41,App,Tarjeta,32
20774,2025-02-07,Zaragoza,Electrónica,Auriculares,16.04,2,,10.57,Tienda Física,Efectivo,33
20775,2025-07-03,Sevilla,Ropa,Chaqueta,621.3,2,1242.6,262.0,Online,PayPal,94
20776,2025-12-01,Zaragoza,Electrónica,Laptop,723.68,3,2171.04,430.12,Online,Efectivo,36
20777,2025-05-21,Valencia,Hogar,Silla Escritorio,281.55,3,844.65,180.7,App,PayPal,78
20778,2025-11-07,Sevilla,Hogar,Silla Escritorio,781.61,4,3126.44,515.34,Tienda Física,Efectivo,26
20779,2025-06-10,Madrid,Ropa,Zapatillas,616.52,1,616.52,267.19,Tienda Física,Tarjeta,46
20780,2025-11-03,Barcelona,Hogar,Espejo,331.45,4,1325.8,225.83,Tienda Física,PayPal,73
20781,2025-07-29,Madrid,Hogar,Cafetera,42.0,4,168.0,18.93,App,Tarjeta,78
20782,2025-07-24,Barcelona,Deportes,Balón,788.15,5,3940.75,338.72,Tienda Física,PayPal,40
20783,2025-08-18,Barcelona,Ropa,Camiseta,187.95,2,375.9,120.02,App,Tarjeta,52
20784,2025-05-10,Sevilla,Hogar,Silla Escritorio,674.79,2,1349.58,274.8,Online,PayPal,82
20785,2025-09-18,Valencia,Electrónica,Auriculares,747.79,1,747.79,432.33,App,Tarjeta,56
20786,2025-09-03,Zaragoza,Deportes,Bicicleta,383.74,1,383.74,218.05,Online,PayPal,38
20787,2025-11-21,Zaragoza,Electrónica,Laptop,723.69,5,3618.45,322.98,App,PayPal,11
20788,2025-06-03,Barcelona,Electrónica,Smartphone,348.51,3,1045.53,174.42,App,Tarjeta,22
20789,2025-02-03,Málaga,Deportes,Balón,213.39,1,213.39,118.31,Tienda Física,Efectivo,67
20790,2025-09-06,Zaragoza,Electrónica,Laptop,687.36,3,2062.08,376.72,App,Tarjeta,99
20791,2025-08-22,Zaragoza,Hogar,Silla Escritorio,599.58,3,1798.74,329.36,Online,PayPal,90
20792,2025-04-07,Madrid,Ropa,Camiseta,159.76,5,798.8,89.41,Online,PayPal,48
20793,2025-01-20,Málaga,Ropa,Pantalón,737.67,4,2950.68,401.79,Online,Tarjeta,69
20794,2025-12-27,Sevilla,Electrónica,Smartphone,247.34,1,247.34,146.91,Tienda Física,Tarjeta,87
20795,2025-02-03,Sevilla,Deportes,Balón,121.69,3,365.07,55.98,App,Tarjeta,36
20796,2025-12-14,Valencia,Electrónica,Laptop,564.26,5,2821.3,382.8,Online,PayPal,87
20797,2025-05-24,Sevilla,Electrónica,Auriculares,725.43,2,1450.86,425.35,Tienda Física,Efectivo,81
20798,2025-03-28,Madrid,Hogar,Espejo,124.77,5,,71.0,Online,Efectivo,37
20799,2025-04-09,Sevilla,Electrónica,Tablet,448.8,2,897.6,253.4,Tienda Física,PayPal,98
20800,2025-06-26,Valencia,Ropa,Pantalón,632.64,2,,321.51,Online,Efectivo,26
20801,2025-10-29,Madrid,Hogar,Silla Escritorio,119.44,4,477.76,57.12,Tienda Física,PayPal,13
20802,2025-11-10,Sevilla,Deportes,Mancuernas,710.84,1,710.84,335.04,Tienda Física,Efectivo,61
20803,2025-05-18,Sevilla,Electrónica,Smartphone,523.39,1,,253.02,Tienda Física,Tarjeta,72
20804,2025-07-29,Málaga,Hogar,Silla Escritorio,263.76,3,791.28,150.67,App,PayPal,79
20805,2025-05-24,Málaga,Deportes,Esterilla Yoga,53.94,2,107.88,34.63,Online,PayPal,22
20806,2025-08-05,Zaragoza,Deportes,Bicicleta,450.29,4,1801.16,245.43,Online,Tarjeta,49
20807,2025-02-10,Sevilla,Ropa,Pantalón,586.5,4,2346.0,375.05,Tienda Física,Tarjeta,76
20808,2025-10-02,Valencia,Ropa,Camiseta,55.16,4,220.64,28.82,Online,Tarjeta,50
20809,2025-06-28,Valencia,Ropa,Pantalón,743.82,5,3719.1,519.57,App,Tarjeta,70
20810,2025-12-31,Barcelona,Electrónica,Smartphone,286.77,4,1147.08,124.38,Online,PayPal,10
20811,2025-02-24,Málaga,Ropa,Chaqueta,530.45,3,1591.35,235.11,Tienda Física,PayPal,55
20812,2025-09-27,Barcelona,Hogar,Cafetera,550.3,3,1650.9,337.79,Online,Tarjeta,73
20813,2025-05-19,Madrid,Ropa,Chaqueta,700.05,5,3500.25,472.78,Tienda Física,Efectivo,12
20814,2025-12-12,Barcelona,Electrónica,Smartphone,354.44,1,354.44,230.73,Online,PayPal,52
20815,2025-10-09,Málaga,Ropa,Zapatillas,48.42,2,96.84,28.87,App,Tarjeta,97
20816,2025-03-29,Madrid,Hogar,Espejo,378.53,2,757.06,258.23,App,Tarjeta,65
20817,2025-06-10,Valencia,Deportes,Balón,334.58,2,669.16,193.95,Online,Efectivo,45
20818,2025-11-26,Valencia,Deportes,Balón,372.24,3,1116.72,174.0,Online,Efectivo,84
20819,2025-09-25,Sevilla,Deportes,Balón,193.45,1,193.45,86.0,App,Tarjeta,89
20820,2025-05-10,Barcelona,Hogar,Silla Escritorio,641.11,3,1923.33,371.2,Online,PayPal,87
20821,2025-04-24,Madrid,Electrónica,Tablet,571.07,5,2855.35,237.2,Online,Efectivo,15
20822,2025-07-26,Sevilla,Hogar,Silla Escritorio,428.87,5,2144.35,281.3,Online,Tarjeta,85
20823,2025-03-24,Barcelona,Hogar,Lámpara,215.74,4,862.96,99.09,Tienda Física,Efectivo,9
20824,2025-08-14,Valencia,Deportes,Esterilla Yoga,42.98,3,128.94,18.57,Tienda Física,Tarjeta,2
20825,2025-06-25,Madrid,Ropa,Zapatillas,488.26,2,976.52,220.56,Tienda Física,Efectivo,83
20826,2025-02-21,Barcelona,Electrónica,Laptop,245.28,4,981.12,133.32,App,PayPal,70
20827,2025-01-17,Málaga,Deportes,Balón,297.44,2,594.88,124.4,Tienda Física,Efectivo,79
20828,2025-05-15,Madrid,Ropa,Pantalón,634.36,4,2537.44,335.43,Tienda Física,PayPal,60
20829,2025-09-13,Zaragoza,Deportes,Esterilla Yoga,586.3,5,2931.5,244.75,Tienda Física,PayPal,13
20830,2025-07-10,Málaga,Deportes,Balón,511.98,3,1535.94,217.39,Tienda Física,Efectivo,75
20831,2025-11-14,Sevilla,Deportes,Balón,219.53,4,,124.96,App,Efectivo,11
20832,2025-08-17,Barcelona,Hogar,Lámpara,599.77,2,1199.54,289.72,Online,Efectivo,94
20833,2025-05-06,Zaragoza,Hogar,Silla Escritorio,66.15,1,66.15,32.37,App,PayPal,100
20834,2025-06-29,Valencia,Deportes,Bicicleta,18.2,1,18.2,10.74,Tienda Física,Tarjeta,42
20835,2025-02-09,Málaga,Electrónica,Laptop,532.08,3,1596.24,254.14,Tienda Física,PayPal,57
20836,2025-09-10,Zaragoza,Electrónica,Smartphone,733.81,5,3669.05,429.66,Tienda Física,Tarjeta,25
20837,2025-02-20,Málaga,Ropa,Camiseta,694.32,4,2777.28,449.61,App,Tarjeta,72
20838,2025-06-17,Zaragoza,Hogar,Silla Escritorio,589.8,5,,267.99,Tienda Física,Efectivo,53
20839,2025-03-05,Zaragoza,Electrónica,Smartphone,275.3,4,1101.2,186.78,Tienda Física,PayPal,88
20840,2025-03-28,Málaga,Ropa,Zapatillas,61.29,1,61.29,26.78,App,Efectivo,41
20841,2025-06-14,Sevilla,Deportes,Bicicleta,267.68,4,1070.72,152.32,Online,Tarjeta,22
20842,2025-05-26,Barcelona,Hogar,Lámpara,302.7,5,1513.5,188.6,App,Efectivo,28
20843,2025-10-24,Málaga,Deportes,Mancuernas,620.65,1,620.65,389.65,Online,PayPal,30
20844,2025-10-29,Sevilla,Deportes,Bicicleta,476.78,5,2383.9,269.46,App,Efectivo,97
20845,2025-02-08,Málaga,Ropa,Zapatillas,53.82,3,161.46,26.28,Online,Efectivo,51
20846,2025-12-18,Madrid,Ropa,Pantalón,208.06,4,832.24,113.92,Tienda Física,Efectivo,90
20847,2025-10-15,Sevilla,Deportes,Balón,633.87,2,1267.74,428.07,Tienda Física,Efectivo,10
20848,2025-08-15,Valencia,Electrónica,Tablet,586.41,2,,249.63,App,PayPal,55
20849,2025-09-30,Málaga,Electrónica,Auriculares,702.95,3,2108.85,404.09,Tienda Física,Efectivo,12
20850,2025-01-25,Barcelona,Ropa,Camiseta,405.88,4,1623.52,280.98,Online,Tarjeta,1
20851,2025-05-21,Barcelona,Electrónica,Auriculares,250.44,4,,109.1,Tienda Física,Tarjeta,73
20852,2025-10-04,Zaragoza,Ropa,Chaqueta,463.45,2,926.9,200.25,App,Efectivo,38
20853,2025-03-29,Valencia,Electrónica,Auriculares,423.49,3,1270.47,263.85,App,Tarjeta,72
20854,2025-09-16,Valencia,Electrónica,Auriculares,487.09,1,487.09,235.2,Online,Tarjeta,38
20855,2025-02-04,Málaga,Hogar,Silla Escritorio,430.1,3,1290.3,190.28,Online,Efectivo,27
20856,2025-04-27,Valencia,Deportes,Balón,343.57,5,1717.85,160.9,Online,PayPal,76
20857,2025-06-03,Málaga,Deportes,Esterilla Yoga,464.67,2,929.34,244.03,Tienda Física,Tarjeta,29
20858,2025-07-04,Zaragoza,Ropa,Camiseta,44.38,4,177.52,18.18,Tienda Física,Tarjeta,79
20859,2025-12-31,Sevilla,Ropa,Camiseta,446.01,5,2230.05,307.89,Online,Tarjeta,26
20860,2025-08-20,Zaragoza,Electrónica,Auriculares,775.66,3,2326.98,455.33,Tienda Física,PayPal,41
20861,2025-01-10,Valencia,Electrónica,Tablet,462.8,5,2314.0,303.91,Online,Efectivo,91
20862,2025-01-20,Zaragoza,Deportes,Esterilla Yoga,278.19,1,278.19,129.64,Online,Tarjeta,76
20863,2025-07-07,Málaga,Deportes,Mancuernas,463.04,3,1389.12,313.69,Tienda Física,Tarjeta,36
20864,2025-02-23,Málaga,Deportes,Bicicleta,594.01,5,2970.05,281.56,Tienda Física,Efectivo,34
20865,2025-03-26,Madrid,Electrónica,Smartphone,208.68,3,626.04,125.15,App,Tarjeta,69
20866,2025-11-23,Valencia,Electrónica,Laptop,404.41,1,404.41,242.26,Tienda Física,Efectivo,60
20867,2025-07-20,Zaragoza,Electrónica,Smartphone,195.15,2,390.3,122.33,App,Tarjeta,76
20868,2025-03-04,Madrid,Hogar,Espejo,630.69,4,2522.76,255.73,App,PayPal,11
20869,2025-11-17,Valencia,Electrónica,Tablet,40.96,5,204.8,19.12,App,PayPal,73
20870,2025-10-20,Zaragoza,Deportes,Esterilla Yoga,291.86,5,1459.3,177.95,App,Efectivo,68
20871,2025-10-17,Zaragoza,Hogar,Lámpara,466.62,3,1399.86,188.63,Online,PayPal,53
20872,2025-03-06,Barcelona,Ropa,Pantalón,67.31,5,336.55,42.14,Online,Efectivo,51
20873,2025-09-07,Zaragoza,Electrónica,Tablet,231.84,1,231.84,148.52,Online,Tarjeta,23
20874,2025-06-10,Zaragoza,Hogar,Lámpara,329.66,1,329.66,196.92,App,Tarjeta,69
20875,2025-01-06,Valencia,Deportes,Esterilla Yoga,456.82,5,2284.1,191.97,Online,Efectivo,7
20876,2025-01-15,Zaragoza,Electrónica,Tablet,433.07,5,2165.35,290.41,App,PayPal,7
20877,2025-04-27,Sevilla,Hogar,Lámpara,380.68,2,761.36,179.89,Tienda Física,Efectivo,71
20878,2025-11-29,Zaragoza,Electrónica,Tablet,530.99,3,1592.97,225.38,Tienda Física,Tarjeta,58
20879,2025-07-20,Zaragoza,Ropa,Chaqueta,401.0,2,,257.84,App,PayPal,56
20880,2025-11-06,Sevilla,Ropa,Zapatillas,130.33,2,260.66,57.73,Online,PayPal,56
20881,2025-03-19,Sevilla,Ropa,Pantalón,340.92,1,340.92,211.55,App,Tarjeta,68
20882,2025-05-02,Málaga,Hogar,Espejo,187.06,2,374.12,111.5,Online,PayPal,27
20883,2025-10-08,Málaga,Electrónica,Auriculares,495.5,3,1486.5,340.44,Tienda Física,Efectivo,76
20884,2025-02-23,Madrid,Deportes,Balón,415.73,5,2078.65,286.24,Tienda Física,Efectivo,73
20885,2025-06-07,Valencia,Hogar,Cafetera,653.24,5,3266.2,350.39,Online,Tarjeta,5
20886,2025-07-31,Sevilla,Electrónica,Auriculares,688.56,1,,364.09,Online,Tarjeta,12
20887,2025-07-17,Zaragoza,Deportes,Esterilla Yoga,187.34,1,187.34,123.0,Online,PayPal,64
20888,2025-12-31,Málaga,Ropa,Camiseta,407.85,1,407.85,269.33,Tienda Física,Efectivo,45
20889,2025-12-31,Valencia,Ropa,Camiseta,532.5,4,2130.0,294.98,Online,Efectivo,49
20890,2025-03-06,Madrid,Deportes,Bicicleta,780.86,1,780.86,394.25,Online,PayPal,66
20891,2025-11-02,Zaragoza,Deportes,Bicicleta,341.47,4,1365.88,222.85,Online,Tarjeta,24
20892,2025-05-08,Madrid,Electrónica,Laptop,704.45,3,2113.35,388.81,App,Tarjeta,85
20893,2025-11-02,Málaga,Hogar,Cafetera,505.97,4,,335.04,Tienda Física,Efectivo,99
20894,2025-02-24,Madrid,Electrónica,Tablet,517.23,1,517.23,239.53,Tienda Física,Tarjeta,58
20895,2025-10-23,Sevilla,Deportes,Balón,195.58,2,391.16,111.29,App,Tarjeta,98
20896,2025-06-19,Valencia,Hogar,Lámpara,706.93,4,2827.72,310.73,Online,Tarjeta,98
20897,2025-10-13,Madrid,Deportes,Bicicleta,544.08,3,1632.24,270.44,Online,Tarjeta,16
20898,2025-07-15,Madrid,Hogar,Silla Escritorio,394.82,5,1974.1,185.98,Online,PayPal,45
20899,2025-12-04,Valencia,Electrónica,Auriculares,112.03,4,448.12,46.55,App,Efectivo,20
20900,2025-09-15,Málaga,Hogar,Espejo,218.96,3,656.88,113.34,Online,Tarjeta,17
20901,2025-06-22,Zaragoza,Ropa,Camiseta,452.25,2,904.5,269.31,Online,PayPal,13
20902,2025-03-11,Zaragoza,Hogar,Espejo,436.93,4,1747.72,199.0,Online,PayPal,91
20903,2025-11-29,Málaga,Deportes,Balón,794.82,2,1589.64,515.4,App,Efectivo,90
20904,2025-07-18,Zaragoza,Deportes,Mancuernas,549.49,2,1098.98,307.79,Online,Tarjeta,81
20905,2025-01-15,Zaragoza,Electrónica,Auriculares,151.28,2,302.56,101.57,App,Efectivo,50
20906,2025-09-24,Sevilla,Electrónica,Smartphone,429.65,4,1718.6,236.63,App,PayPal,90
20907,2025-04-29,Málaga,Hogar,Cafetera,487.57,4,1950.28,272.7,Online,PayPal,37
20908,2025-03-31,Sevilla,Ropa,Pantalón,763.06,2,1526.12,486.74,Tienda Física,Tarjeta,44
20909,2025-09-17,Madrid,Deportes,Esterilla Yoga,203.67,1,203.67,123.83,Online,Tarjeta,47
20910,2025-10-25,Sevilla,Ropa,Pantalón,544.84,2,1089.68,306.62,Online,PayPal,68
20911,2025-07-09,Zaragoza,Hogar,Lámpara,52.53,1,52.53,34.82,Online,Tarjeta,64
20912,2025-09-06,Madrid,Deportes,Mancuernas,65.06,3,195.18,38.33,Online,PayPal,7
20913,2025-05-15,Zaragoza,Electrónica,Smartphone,694.36,1,694.36,338.01,App,Tarjeta,10
20914,2025-05-14,Barcelona,Ropa,Pantalón,233.34,5,1166.7,161.8,Tienda Física,Efectivo,22
20915,2025-12-26,Barcelona,Electrónica,Auriculares,703.66,4,2814.64,296.99,App,PayPal,14
20916,2025-02-25,Valencia,Ropa,Chaqueta,237.41,4,949.64,118.7,Online,Tarjeta,17
20917,2025-11-13,Barcelona,Ropa,Camiseta,283.86,4,1135.44,143.95,App,Efectivo,19
20918,2025-11-11,Zaragoza,Hogar,Espejo,777.05,4,3108.2,397.68,Online,Efectivo,13
20919,2025-06-12,Madrid,Hogar,Espejo,322.59,5,1612.95,208.94,Tienda Física,Efectivo,93
20920,2025-02-24,Zaragoza,Electrónica,Tablet,717.74,5,3588.7,465.37,Tienda Física,Tarjeta,13
20921,2025-11-10,Valencia,Electrónica,Laptop,213.41,5,1067.05,99.56,Tienda Física,Efectivo,35
20922,2025-10-26,Barcelona,Hogar,Cafetera,779.2,5,3896.0,317.67,App,PayPal,100
20923,2025-09-30,Madrid,Deportes,Esterilla Yoga,378.6,5,1893.0,200.81,Online,Tarjeta,72
20924,2025-06-25,Málaga,Hogar,Cafetera,87.8,1,87.8,41.74,Online,Efectivo,24
20925,2025-11-29,Sevilla,Hogar,Silla Escritorio,255.52,2,511.04,173.33,Online,Efectivo,83
20926,2025-03-12,Málaga,Hogar,Silla Escritorio,386.59,2,773.18,186.07,Online,Efectivo,12
20927,2025-12-27,Zaragoza,Deportes,Balón,487.03,4,1948.12,318.19,Online,Efectivo,51
20928,2025-04-06,Zaragoza,Ropa,Pantalón,474.7,1,474.7,328.9,Tienda Física,Tarjeta,65
20929,2025-05-26,Valencia,Ropa,Pantalón,110.59,5,552.95,61.75,App,PayPal,26
20930,2025-05-21,Valencia,Hogar,Lámpara,511.84,4,2047.36,251.45,Tienda Física,Efectivo,54
20931,2025-06-19,Málaga,Ropa,Camiseta,734.54,1,,370.65,Online,PayPal,32
20932,2025-12-08,Madrid,Deportes,Bicicleta,46.25,5,231.25,22.16,App,Efectivo,71
20933,2025-05-10,Sevilla,Electrónica,Auriculares,227.59,5,1137.95,150.35,Tienda Física,Efectivo,70
20934,2025-10-02,Zaragoza,Deportes,Bicicleta,460.63,3,1381.89,228.82,App,PayPal,89
20935,2025-01-14,Sevilla,Ropa,Camiseta,397.33,1,397.33,192.71,App,Efectivo,34
20936,2025-05-28,Sevilla,Hogar,Espejo,120.31,2,240.62,67.36,Online,PayPal,67
20937,2025-09-21,Málaga,Hogar,Silla Escritorio,787.81,1,787.81,430.37,Tienda Física,PayPal,47
20938,2025-10-29,Sevilla,Hogar,Lámpara,135.72,1,135.72,70.15,App,Efectivo,71
20939,2025-05-06,Barcelona,Hogar,Silla Escritorio,34.81,4,139.24,19.14,Tienda Física,Tarjeta,37
20940,2025-04-23,Valencia,Deportes,Esterilla Yoga,34.87,1,34.87,20.54,App,Efectivo,35
20941,2025-06-05,Sevilla,Electrónica,Auriculares,613.73,2,1227.46,371.27,App,PayPal,58
20942,2025-08-17,Zaragoza,Deportes,Mancuernas,540.98,3,1622.94,311.26,Online,Tarjeta,11
20943,2025-06-18,Barcelona,Electrónica,Auriculares,330.98,2,661.96,172.3,Tienda Física,PayPal,82
20944,2025-04-17,Sevilla,Ropa,Chaqueta,516.12,3,,301.02,Tienda Física,PayPal,97
20945,2025-03-17,Madrid,Electrónica,Tablet,767.37,1,767.37,443.19,App,Efectivo,50
20946,2025-05-09,Málaga,Electrónica,Tablet,726.49,2,1452.98,364.8,App,Tarjeta,66
20947,2025-12-07,Valencia,Hogar,Espejo,636.21,4,2544.84,367.13,App,Efectivo,17
20948,2025-11-02,Madrid,Ropa,Chaqueta,95.19,4,380.76,57.39,Tienda Física,PayPal,20
20949,2025-04-28,Málaga,Deportes,Bicicleta,589.62,2,1179.24,298.25,Online,Efectivo,23
20950,2025-11-03,Valencia,Electrónica,Laptop,782.73,5,3913.65,498.57,Tienda Física,PayPal,49
20951,2025-02-22,Málaga,Ropa,Chaqueta,635.18,2,1270.36,372.85,Online,Tarjeta,28
20952,2025-04-08,Madrid,Deportes,Balón,414.8,5,2074.0,241.24,Tienda Física,Efectivo,3
20953,2025-07-22,Valencia,Electrónica,Laptop,152.47,4,,88.24,Online,PayPal,96
20954,2025-12-23,Zaragoza,Deportes,Bicicleta,225.87,3,677.61,111.7,App,Efectivo,99
20955,2025-01-04,Madrid,Deportes,Esterilla Yoga,608.35,5,3041.75,311.5,App,Efectivo,78
20956,2025-01-20,Valencia,Electrónica,Tablet,259.94,5,1299.7,106.68,App,PayPal,91
20957,2025-06-06,Sevilla,Electrónica,Laptop,383.75,1,383.75,202.85,Online,Efectivo,85
20958,2025-02-08,Málaga,Ropa,Camiseta,640.47,4,2561.88,408.49,Online,PayPal,13
20959,2025-10-08,Málaga,Deportes,Esterilla Yoga,274.41,4,1097.64,163.0,Tienda Física,Tarjeta,30
20960,2025-07-10,Madrid,Electrónica,Smartphone,548.32,2,1096.64,257.6,Tienda Física,PayPal,3
20961,2025-07-13,Zaragoza,Deportes,Balón,534.9,4,2139.6,330.61,App,Tarjeta,71
20962,2025-11-29,Barcelona,Electrónica,Auriculares,220.29,4,881.16,115.93,Online,PayPal,89
20963,2025-02-01,Valencia,Hogar,Espejo,756.75,4,3027.0,334.81,App,PayPal,6
20964,2025-06-30,Valencia,Electrónica,Tablet,332.83,5,1664.15,148.85,Online,PayPal,11
20965,2025-12-31,Sevilla,Deportes,Mancuernas,69.79,1,69.79,38.34,Tienda Física,Tarjeta,76
20966,2025-08-21,Valencia,Deportes,Mancuernas,526.97,3,1580.91,335.88,Tienda Física,Tarjeta,17
20967,2025-05-06,Barcelona,Deportes,Mancuernas,451.18,5,2255.9,205.63,Online,Tarjeta,62
20968,2025-09-07,Valencia,Hogar,Espejo,414.58,2,829.16,253.47,Tienda Física,Tarjeta,50
20969,2025-10-08,Málaga,Deportes,Balón,278.87,2,557.74,124.2,App,Tarjeta,96
20970,2025-06-10,Valencia,Electrónica,Auriculares,430.99,4,1723.96,240.89,Online,Tarjeta,89
20971,2025-07-02,Barcelona,Hogar,Cafetera,706.88,4,2827.52,451.48,Tienda Física,Tarjeta,37
20972,2025-10-13,Málaga,Hogar,Espejo,614.65,4,2458.6,309.12,Tienda Física,Efectivo,92
20973,2025-11-24,Valencia,Deportes,Bicicleta,408.8,1,408.8,204.09,Tienda Física,Tarjeta,43
20974,2025-04-11,Zaragoza,Hogar,Silla Escritorio,760.69,3,2282.07,410.77,Tienda Física,Tarjeta,9
20975,2025-12-17,Sevilla,Deportes,Mancuernas,129.84,4,519.36,58.53,App,Tarjeta,74
20976,2025-01-13,Madrid,Deportes,Mancuernas,685.0,3,2055.0,403.38,Online,PayPal,49
20977,2025-01-25,Sevilla,Hogar,Cafetera,538.05,3,,351.14,Tienda Física,Efectivo,10
20978,2025-10-16,Madrid,Ropa,Camiseta,575.2,5,2876.0,280.49,App,Efectivo,41
20979,2025-11-12,Valencia,Hogar,Lámpara,457.08,5,2285.4,286.77,Online,PayPal,86
20980,2025-09-21,Sevilla,Electrónica,Tablet,370.31,3,1110.93,180.04,Tienda Física,PayPal,71
20981,2025-01-14,Sevilla,Electrónica,Tablet,342.15,2,684.3,158.9,Online,Efectivo,9
20982,2025-03-14,Barcelona,Ropa,Chaqueta,26.29,3,78.87,17.5,Tienda Física,Efectivo,3
20983,2025-03-01,Zaragoza,Hogar,Lámpara,122.0,3,366.0,57.22,App,Tarjeta,78
20984,2025-10-10,Madrid,Hogar,Cafetera,127.98,3,383.94,77.84,Online,PayPal,46
20985,2025-02-27,Valencia,Deportes,Balón,621.61,1,621.61,269.57,Tienda Física,Tarjeta,64
20986,2025-01-29,Madrid,Electrónica,Smartphone,301.14,2,602.28,143.91,Tienda Física,PayPal,29
20987,2025-09-29,Sevilla,Hogar,Lámpara,771.96,3,2315.88,411.95,Tienda Física,Tarjeta,16
20988,2025-08-23,Valencia,Hogar,Silla Escritorio,91.86,3,275.58,37.65,Online,PayPal,30
20989,2025-01-26,Sevilla,Deportes,Balón,616.19,4,2464.76,334.09,Online,Efectivo,85
20990,2025-08-02,Valencia,Electrónica,Laptop,75.94,4,303.76,43.38,Tienda Física,Tarjeta,80
20991,2025-05-06,Málaga,Electrónica,Laptop,203.08,3,609.24,90.32,Online,Tarjeta,97
20992,2025-07-01,Barcelona,Hogar,Cafetera,633.99,4,2535.96,302.89,App,PayPal,19
20993,2025-02-28,Valencia,Deportes,Mancuernas,728.01,2,1456.02,454.51,Tienda Física,Tarjeta,85
20994,2025-08-01,Valencia,Electrónica,Auriculares,625.75,2,1251.5,372.61,Online,Tarjeta,62
20995,2025-09-09,Zaragoza,Ropa,Zapatillas,423.67,4,1694.68,185.19,Online,PayPal,81
20996,2025-10-12,Barcelona,Ropa,Zapatillas,257.61,5,1288.05,164.13,Online,Tarjeta,72
20997,2025-12-09,Sevilla,Deportes,Balón,472.12,1,472.12,273.56,App,Tarjeta,85
20998,2025-03-04,Barcelona,Deportes,Bicicleta,47.85,1,47.85,28.47,App,Efectivo,20
20999,2025-08-24,Zaragoza,Electrónica,Smartphone,531.13,5,2655.65,323.04,Tienda Física,Efectivo,1
21000,2025-12-09,Barcelona,Electrónica,Tablet,669.04,3,2007.12,287.37,Online,PayPal,79
21001,2025-10-11,Sevilla,Electrónica,Smartphone,335.36,2,670.72,160.61,Online,Efectivo,84
21002,2025-04-27,Zaragoza,Hogar,Silla Escritorio,513.07,1,513.07,302.69,Tienda Física,Efectivo,69
21003,2025-09-03,Sevilla,Electrónica,Auriculares,164.8,4,659.2,107.33,Online,Tarjeta,51
21004,2025-12-19,Barcelona,Deportes,Mancuernas,90.5,2,181.0,51.17,App,Efectivo,11
21005,2025-05-27,Zaragoza,Hogar,Lámpara,79.42,5,,52.38,Tienda Física,Efectivo,94
21006,2025-09-21,Sevilla,Ropa,Camiseta,690.06,4,2760.24,423.74,App,Efectivo,94
21007,2025-03-05,Málaga,Hogar,Espejo,155.29,4,621.16,95.04,Tienda Física,PayPal,9
21008,2025-10-13,Barcelona,Ropa,Zapatillas,178.83,5,894.15,89.12,App,PayPal,91
21009,2025-10-13,Málaga,Ropa,Chaqueta,733.21,4,2932.84,430.13,App,PayPal,84
21010,2025-12-31,Zaragoza,Hogar,Cafetera,176.68,1,176.68,77.51,App,Tarjeta,97
21011,2025-06-04,Barcelona,Electrónica,Tablet,215.67,1,215.67,90.52,Tienda Física,Tarjeta,65
21012,2025-05-31,Valencia,Ropa,Zapatillas,629.66,3,1888.98,298.68,Tienda Física,Efectivo,95
21013,2025-01-18,Valencia,Electrónica,Smartphone,318.59,4,1274.36,153.54,Online,PayPal,81
21014,2025-06-03,Málaga,Electrónica,Laptop,549.47,3,1648.41,331.86,Online,PayPal,61
21015,2025-05-30,Valencia,Ropa,Pantalón,404.42,2,808.84,231.87,App,Tarjeta,87
21016,2025-05-12,Barcelona,Electrónica,Smartphone,696.19,2,1392.38,461.48,Tienda Física,Efectivo,57
21017,2025-07-27,Málaga,Electrónica,Auriculares,132.17,1,132.17,87.71,Tienda Física,Tarjeta,1
21018,2025-02-15,Valencia,Hogar,Lámpara,153.4,3,460.2,104.76,App,Efectivo,67
21019,2025-12-09,Málaga,Deportes,Bicicleta,599.38,2,1198.76,340.39,Online,Tarjeta,41
21020,2025-08-30,Málaga,Ropa,Chaqueta,205.64,4,822.56,96.02,App,Efectivo,21
21021,2025-04-06,Málaga,Hogar,Cafetera,379.25,2,758.5,218.39,App,PayPal,17
21022,2025-09-23,Málaga,Deportes,Balón,261.18,1,261.18,155.43,Online,PayPal,74
21023,2025-06-08,Barcelona,Ropa,Zapatillas,433.49,2,866.98,299.18,Online,PayPal,32
21024,2025-08-21,Valencia,Electrónica,Laptop,167.6,3,502.8,108.99,Online,Tarjeta,60
21025,2025-09-06,Madrid,Ropa,Chaqueta,236.04,1,236.04,156.64,Online,PayPal,4
21026,2025-02-05,Barcelona,Hogar,Cafetera,678.66,2,1357.32,298.18,Tienda Física,Efectivo,28
21027,2025-07-31,Sevilla,Hogar,Lámpara,256.09,4,1024.36,131.05,Online,PayPal,46
21028,2025-07-31,Madrid,Ropa,Chaqueta,513.72,4,2054.88,244.98,Tienda Física,Tarjeta,51
21029,2025-06-22,Zaragoza,Electrónica,Smartphone,96.89,4,387.56,39.97,Tienda Física,Tarjeta,26
21030,2025-03-14,Madrid,Deportes,Esterilla Yoga,728.98,5,3644.9,478.35,Online,PayPal,50
21031,2025-09-23,Barcelona,Deportes,Esterilla Yoga,367.77,5,1838.85,187.85,Online,Tarjeta,18
21032,2025-12-31,Barcelona,Deportes,Mancuernas,667.67,1,667.67,285.83,App,PayPal,41
21033,2025-10-10,Barcelona,Ropa,Zapatillas,622.54,2,1245.08,418.46,Tienda Física,Tarjeta,90
21034,2025-01-31,Sevilla,Deportes,Balón,320.55,5,1602.75,137.91,Tienda Física,PayPal,66
21035,2025-04-20,Madrid,Electrónica,Smartphone,632.85,3,1898.55,255.54,App,Efectivo,83
21036,2025-06-27,Málaga,Ropa,Chaqueta,143.78,4,575.12,62.27,Tienda Física,Efectivo,61
21037,2025-02-08,Zaragoza,Hogar,Lámpara,549.44,4,2197.76,355.76,App,Efectivo,32
21038,2025-07-13,Barcelona,Hogar,Lámpara,151.15,4,,80.67,App,Tarjeta,28
21039,2025-07-02,Málaga,Deportes,Esterilla Yoga,498.05,1,498.05,271.68,App,PayPal,45
21040,2025-07-03,Barcelona,Ropa,Zapatillas,41.42,3,124.26,16.81,App,PayPal,53
21041,2025-10-10,Málaga,Ropa,Chaqueta,682.83,5,3414.15,458.92,Tienda Física,Efectivo,37
21042,2025-04-08,Málaga,Deportes,Bicicleta,330.58,2,661.16,185.77,Tienda Física,PayPal,65
21043,2025-09-01,Málaga,Electrónica,Laptop,183.72,3,551.16,97.36,Online,Efectivo,82
21044,2025-09-23,Sevilla,Deportes,Esterilla Yoga,363.8,1,363.8,154.17,Tienda Física,Efectivo,69
21045,2025-06-29,Valencia,Deportes,Balón,454.96,3,1364.88,198.29,App,Efectivo,64
21046,2025-01-04,Málaga,Electrónica,Laptop,535.27,1,535.27,338.96,Tienda Física,Tarjeta,88
21047,2025-06-03,Valencia,Ropa,Camiseta,682.57,5,3412.85,320.95,Online,Tarjeta,72
21048,2025-01-25,Madrid,Ropa,Pantalón,734.47,2,1468.94,499.2,Tienda Física,Efectivo,64
21049,2025-06-23,Zaragoza,Deportes,Esterilla Yoga,121.87,4,487.48,76.58,App,Efectivo,72
21050,2025-01-05,Madrid,Deportes,Balón,213.47,4,853.88,136.48,Tienda Física,PayPal,44
21051,2025-12-04,Valencia,Electrónica,Smartphone,459.29,4,1837.16,281.14,Tienda Física,Efectivo,28
21052,2025-10-13,Zaragoza,Electrónica,Tablet,480.25,3,1440.75,265.57,Tienda Física,Tarjeta,55
21053,2025-04-04,Barcelona,Ropa,Camiseta,110.34,5,551.7,67.66,App,Efectivo,93
21054,2025-03-18,Madrid,Deportes,Esterilla Yoga,120.17,5,600.85,78.26,App,Efectivo,85
21055,2025-04-23,Sevilla,Deportes,Balón,613.11,4,2452.44,323.19,Online,PayPal,1
21056,2025-11-25,Valencia,Ropa,Chaqueta,277.79,3,833.37,144.32,Tienda Física,Efectivo,21
21057,2025-12-09,Barcelona,Electrónica,Laptop,106.67,2,213.34,48.62,App,Tarjeta,43
21058,2025-07-29,Sevilla,Electrónica,Smartphone,585.94,5,2929.7,375.79,Online,Tarjeta,38
21059,2025-11-30,Zaragoza,Ropa,Pantalón,710.82,3,2132.46,374.96,Tienda Física,Efectivo,13
21060,2025-03-25,Madrid,Ropa,Pantalón,127.28,2,254.56,59.78,Online,Tarjeta,87
21061,2025-10-11,Valencia,Deportes,Balón,418.78,5,2093.9,290.15,App,Efectivo,95
21062,2025-09-06,Zaragoza,Electrónica,Tablet,167.52,2,335.04,68.2,Online,Tarjeta,15
21063,2025-09-08,Valencia,Hogar,Espejo,167.53,5,837.65,98.35,App,Efectivo,68
21064,2025-05-07,Valencia,Electrónica,Tablet,388.11,2,776.22,175.34,Tienda Física,PayPal,23
21065,2025-02-03,Madrid,Hogar,Silla Escritorio,156.55,3,469.65,72.75,Tienda Física,PayPal,11
21066,2025-06-15,Zaragoza,Hogar,Lámpara,423.51,5,2117.55,282.75,Tienda Física,Tarjeta,62
21067,2025-09-25,Sevilla,Ropa,Zapatillas,328.47,2,656.94,189.15,Online,Tarjeta,94
21068,2025-07-06,Madrid,Deportes,Balón,200.62,2,401.24,138.73,Online,PayPal,57
21069,2025-07-17,Valencia,Ropa,Chaqueta,635.6,1,635.6,376.83,App,PayPal,20
21070,2025-04-04,Madrid,Deportes,Balón,129.34,5,646.7,75.88,Online,Tarjeta,12
21071,2025-03-28,Zaragoza,Hogar,Silla Escritorio,666.87,2,1333.74,397.11,App,Tarjeta,8
21072,2025-08-20,Zaragoza,Deportes,Bicicleta,616.25,5,3081.25,251.29,Tienda Física,PayPal,15
21073,2025-02-08,Barcelona,Electrónica,Laptop,137.13,2,274.26,73.83,App,Efectivo,26
21074,2025-06-17,Zaragoza,Electrónica,Laptop,275.65,1,275.65,136.71,Online,Tarjeta,89
21075,2025-03-18,Sevilla,Electrónica,Laptop,678.99,1,678.99,464.99,App,Tarjeta,21
21076,2025-08-29,Madrid,Ropa,Chaqueta,438.49,2,876.98,276.32,App,Tarjeta,41
21077,2025-02-07,Málaga,Deportes,Mancuernas,699.22,5,3496.1,310.17,Online,PayPal,27
21078,2025-05-20,Valencia,Hogar,Cafetera,198.37,5,991.85,111.76,App,PayPal,8
21079,2025-05-13,Valencia,Electrónica,Tablet,261.55,4,1046.2,174.98,Tienda Física,Efectivo,38
21080,2025-06-01,Valencia,Ropa,Chaqueta,118.59,2,237.18,55.95,Tienda Física,Tarjeta,96
21081,2025-05-16,Barcelona,Ropa,Chaqueta,51.55,2,103.1,30.44,Online,Efectivo,78
21082,2025-07-18,Valencia,Deportes,Bicicleta,579.78,2,1159.56,241.52,Online,Tarjeta,80
21083,2025-07-16,Barcelona,Hogar,Espejo,78.97,3,,52.77,Online,PayPal,78
21084,2025-04-16,Málaga,Deportes,Bicicleta,16.67,3,50.01,10.2,Tienda Física,Tarjeta,43
21085,2025-04-02,Málaga,Deportes,Esterilla Yoga,188.99,2,377.98,127.51,Online,Efectivo,9
21086,2025-04-01,Barcelona,Electrónica,Auriculares,788.56,4,3154.24,376.67,App,Efectivo,11
21087,2025-04-14,Sevilla,Ropa,Camiseta,605.76,1,605.76,369.63,Tienda Física,PayPal,40
21088,2025-07-22,Málaga,Ropa,Pantalón,334.05,3,1002.15,160.24,Tienda Física,Efectivo,7
21089,2025-01-21,Zaragoza,Ropa,Camiseta,232.67,2,465.34,126.37,Online,PayPal,87
21090,2025-05-29,Zaragoza,Electrónica,Laptop,254.87,3,764.61,168.2,Online,PayPal,7
21091,2025-07-19,Valencia,Hogar,Espejo,556.6,1,556.6,368.52,Tienda Física,PayPal,62
21092,2025-12-19,Zaragoza,Hogar,Lámpara,686.96,5,3434.8,367.38,Tienda Física,PayPal,55
21093,2025-12-31,Sevilla,Deportes,Esterilla Yoga,798.47,1,798.47,404.49,Online,PayPal,87
21094,2025-12-27,Málaga,Deportes,Mancuernas,260.84,3,782.52,178.65,App,Tarjeta,22
21095,2025-11-21,Valencia,Ropa,Pantalón,467.99,3,1403.97,273.75,Online,Efectivo,45
21096,2025-07-12,Zaragoza,Ropa,Chaqueta,31.44,4,125.76,21.72,Online,Tarjeta,3
21097,2025-03-16,Sevilla,Electrónica,Auriculares,283.36,5,1416.8,123.68,App,Efectivo,93
21098,2025-03-08,Sevilla,Hogar,Silla Escritorio,122.2,1,122.2,83.67,Tienda Física,Efectivo,68
21099,2025-06-15,Málaga,Deportes,Mancuernas,319.65,4,1278.6,211.24,App,PayPal,97
21100,2025-07-30,Málaga,Deportes,Balón,459.27,4,1837.08,199.72,Online,Efectivo,37
21101,2025-02-26,Barcelona,Hogar,Silla Escritorio,791.17,2,1582.34,393.15,Online,Tarjeta,25
21102,2025-11-06,Zaragoza,Deportes,Balón,638.74,1,638.74,349.32,Online,PayPal,35
21103,2025-04-30,Barcelona,Deportes,Bicicleta,209.88,1,209.88,129.18,Online,PayPal,40
21104,2025-05-07,Madrid,Ropa,Camiseta,583.91,4,2335.64,257.04,Online,Efectivo,8
21105,2025-12-22,Málaga,Ropa,Zapatillas,160.71,3,482.13,107.71,Online,Tarjeta,57
21106,2025-03-18,Valencia,Deportes,Balón,121.9,4,487.6,50.74,Tienda Física,PayPal,73
21107,2025-11-21,Sevilla,Hogar,Lámpara,229.64,4,918.56,95.7,Tienda Física,Tarjeta,37
21108,2025-05-15,Zaragoza,Deportes,Balón,606.3,2,1212.6,378.79,Online,Tarjeta,20
21109,2025-02-25,Valencia,Electrónica,Auriculares,295.9,3,887.7,166.38,Tienda Física,PayPal,90
21110,2025-12-31,Valencia,Deportes,Esterilla Yoga,243.73,4,974.92,170.22,App,PayPal,3
21111,2025-10-05,Zaragoza,Deportes,Balón,167.83,3,503.49,109.53,App,Efectivo,57
21112,2025-06-26,Málaga,Electrónica,Smartphone,393.35,4,1573.4,218.09,Online,Efectivo,24
21113,2025-07-24,Barcelona,Electrónica,Smartphone,731.92,5,3659.6,342.49,App,PayPal,68
21114,2025-06-16,Barcelona,Ropa,Camiseta,654.66,3,1963.98,273.26,Online,Tarjeta,54
21115,2025-10-17,Sevilla,Deportes,Mancuernas,799.04,1,799.04,558.1,App,Efectivo,23
21116,2025-10-31,Barcelona,Electrónica,Laptop,788.07,4,3152.28,394.25,App,Tarjeta,38
21117,2025-04-02,Málaga,Ropa,Chaqueta,647.86,5,3239.3,328.58,App,Tarjeta,73
21118,2025-05-17,Zaragoza,Hogar,Espejo,277.24,4,1108.96,171.33,Online,Tarjeta,56
21119,2025-01-01,Zaragoza,Hogar,Lámpara,755.77,5,3778.85,355.97,Tienda Física,Efectivo,38
21120,2025-08-17,Sevilla,Electrónica,Laptop,502.56,3,1507.68,235.53,Online,PayPal,47
21121,2025-02-03,Barcelona,Electrónica,Laptop,317.66,3,952.98,137.18,App,PayPal,22
21122,2025-02-05,Valencia,Electrónica,Tablet,715.93,3,2147.79,450.71,App,Tarjeta,77
21123,2025-06-09,Valencia,Deportes,Esterilla Yoga,660.54,3,1981.62,298.52,App,Tarjeta,1
21124,2025-12-31,Sevilla,Ropa,Zapatillas,139.91,2,279.82,97.4,App,Tarjeta,64
21125,2025-09-24,Zaragoza,Deportes,Balón,242.42,1,242.42,98.37,Online,Efectivo,15
21126,2025-11-04,Málaga,Hogar,Silla Escritorio,487.29,4,1949.16,204.45,Tienda Física,Tarjeta,92
21127,2025-10-26,Valencia,Electrónica,Laptop,768.93,5,3844.65,521.37,App,Tarjeta,18
21128,2025-03-06,Barcelona,Electrónica,Auriculares,369.53,1,369.53,236.76,Online,PayPal,71
21129,2025-10-08,Málaga,Hogar,Cafetera,16.74,1,16.74,11.21,Online,Tarjeta,72
21130,2025-03-27,Valencia,Deportes,Bicicleta,63.81,5,319.05,37.07,Tienda Física,Efectivo,50
21131,2025-05-13,Málaga,Electrónica,Smartphone,27.32,4,109.28,13.77,App,Tarjeta,28
21132,2025-02-21,Barcelona,Ropa,Zapatillas,775.94,5,3879.7,460.31,App,PayPal,12
21133,2025-10-13,Málaga,Ropa,Camiseta,357.02,5,1785.1,161.08,Online,Efectivo,49
21134,2025-04-15,Sevilla,Electrónica,Smartphone,460.95,5,2304.75,244.43,Online,PayPal,68
21135,2025-06-25,Valencia,Hogar,Lámpara,329.7,3,989.1,201.61,Online,Efectivo,77
21136,2025-04-07,Zaragoza,Ropa,Chaqueta,104.86,4,419.44,63.31,Online,Efectivo,52
21137,2025-08-24,Málaga,Hogar,Silla Escritorio,223.02,1,223.02,134.96,Tienda Física,PayPal,19
21138,2025-10-03,Zaragoza,Deportes,Balón,437.62,2,875.24,252.88,Online,Tarjeta,7
21139,2025-04-01,Zaragoza,Deportes,Esterilla Yoga,115.72,4,462.88,78.25,Tienda Física,PayPal,29
21140,2025-08-01,Málaga,Ropa,Camiseta,350.18,4,1400.72,166.34,Tienda Física,Tarjeta,22
21141,2025-05-18,Zaragoza,Electrónica,Tablet,340.88,5,1704.4,212.27,App,Tarjeta,63
21142,2025-09-05,Valencia,Ropa,Camiseta,418.91,5,2094.55,273.61,Online,Efectivo,60
21143,2025-12-15,Málaga,Ropa,Camiseta,257.38,5,1286.9,159.74,Tienda Física,Tarjeta,61
21144,2025-07-25,Barcelona,Electrónica,Laptop,698.53,3,2095.59,435.74,Online,Efectivo,88
21145,2025-02-02,Zaragoza,Deportes,Bicicleta,520.04,5,2600.2,226.09,App,PayPal,88
21146,2025-08-22,Barcelona,Ropa,Chaqueta,152.29,3,456.87,90.56,Tienda Física,Tarjeta,15
21147,2025-08-18,Barcelona,Ropa,Zapatillas,110.81,5,554.05,56.63,Online,Efectivo,34
21148,2025-01-22,Barcelona,Hogar,Lámpara,679.09,5,3395.45,284.94,Tienda Física,Tarjeta,78
21149,2025-01-18,Sevilla,Hogar,Espejo,64.47,1,64.47,44.98,App,Tarjeta,39
21150,2025-02-13,Barcelona,Hogar,Cafetera,103.78,5,518.9,47.43,Tienda Física,Tarjeta,72
21151,2025-07-15,Zaragoza,Deportes,Balón,110.34,2,220.68,54.14,App,Efectivo,71
21152,2025-05-04,Málaga,Electrónica,Tablet,766.72,1,766.72,320.5,Tienda Física,Tarjeta,88
21153,2025-11-17,Málaga,Hogar,Cafetera,212.54,5,,86.92,Online,PayPal,98
21154,2025-07-03,Málaga,Hogar,Cafetera,609.72,5,3048.6,369.94,App,Efectivo,32
21155,2025-11-16,Málaga,Deportes,Esterilla Yoga,731.46,5,3657.3,337.13,App,PayPal,11
21156,2025-07-13,Málaga,Electrónica,Auriculares,131.0,4,524.0,88.63,App,PayPal,23
21157,2025-07-05,Valencia,Hogar,Lámpara,413.84,2,827.68,190.38,Online,PayPal,17
21158,2025-06-13,Sevilla,Ropa,Pantalón,643.41,2,,412.87,Online,PayPal,99
21159,2025-05-31,Valencia,Electrónica,Smartphone,547.94,5,2739.7,374.17,Online,Tarjeta,53
21160,2025-09-20,Sevilla,Electrónica,Auriculares,221.37,2,442.74,112.7,Online,PayPal,96
21161,2025-05-31,Madrid,Hogar,Lámpara,455.45,4,1821.8,295.09,Tienda Física,PayPal,96
21162,2025-08-21,Madrid,Deportes,Mancuernas,764.38,2,1528.76,464.32,Online,Efectivo,29
21163,2025-09-05,Barcelona,Electrónica,Tablet,539.24,4,2156.96,372.61,Tienda Física,Tarjeta,15
21164,2025-11-05,Barcelona,Ropa,Pantalón,547.27,3,1641.81,256.73,Tienda Física,Tarjeta,41
21165,2025-07-07,Barcelona,Deportes,Mancuernas,282.07,1,282.07,181.44,Online,Efectivo,100
21166,2025-06-28,Madrid,Electrónica,Auriculares,486.98,3,1460.94,264.91,Online,Tarjeta,58
21167,2025-03-12,Sevilla,Ropa,Chaqueta,718.22,3,2154.66,317.44,App,Tarjeta,48
21168,2025-02-01,Barcelona,Electrónica,Smartphone,743.29,2,1486.58,375.56,App,PayPal,72
21169,2025-07-16,Madrid,Electrónica,Auriculares,766.83,1,766.83,335.19,App,Tarjeta,57
21170,2025-03-31,Valencia,Electrónica,Smartphone,372.3,4,1489.2,153.8,Tienda Física,Tarjeta,83
21171,2025-01-13,Madrid,Hogar,Lámpara,577.0,4,2308.0,268.34,App,PayPal,80
21172,2025-07-14,Barcelona,Electrónica,Smartphone,333.31,5,1666.55,210.72,App,Efectivo,76
21173,2025-11-23,Sevilla,Ropa,Camiseta,144.22,2,288.44,76.57,Online,Tarjeta,40
21174,2025-12-03,Sevilla,Electrónica,Auriculares,129.38,5,646.9,66.29,App,Efectivo,1
21175,2025-03-24,Barcelona,Electrónica,Smartphone,720.91,4,2883.64,387.6,App,Efectivo,52
21176,2025-02-16,Sevilla,Deportes,Esterilla Yoga,231.63,1,231.63,93.01,App,PayPal,53
21177,2025-12-06,Zaragoza,Electrónica,Smartphone,390.94,1,390.94,232.85,Online,PayPal,62
21178,2025-01-22,Madrid,Electrónica,Tablet,721.06,5,3605.3,347.85,Tienda Física,PayPal,34
21179,2025-02-23,Sevilla,Hogar,Cafetera,644.11,5,3220.55,387.62,Online,PayPal,50
21180,2025-01-26,Zaragoza,Ropa,Pantalón,400.59,4,1602.36,181.9,App,Tarjeta,37
21181,2025-09-30,Barcelona,Ropa,Camiseta,585.94,2,,251.49,Tienda Física,Efectivo,70
21182,2025-01-27,Málaga,Ropa,Chaqueta,277.1,1,277.1,125.95,App,Tarjeta,93
21183,2025-09-19,Valencia,Electrónica,Tablet,429.77,1,429.77,185.12,Tienda Física,Tarjeta,63
21184,2025-04-08,Málaga,Electrónica,Tablet,200.58,5,1002.9,117.07,App,Tarjeta,79
21185,2025-06-28,Sevilla,Electrónica,Smartphone,340.85,1,340.85,167.93,Online,Efectivo,76
21186,2025-04-30,Barcelona,Electrónica,Laptop,533.17,4,2132.68,239.29,Online,PayPal,19
21187,2025-04-03,Barcelona,Hogar,Cafetera,25.93,2,51.86,16.14,Online,Efectivo,9
21188,2025-08-18,Barcelona,Electrónica,Auriculares,406.82,3,1220.46,261.49,Tienda Física,Tarjeta,77
21189,2025-08-16,Málaga,Hogar,Cafetera,449.62,5,2248.1,278.44,Online,PayPal,7
21190,2025-05-20,Sevilla,Electrónica,Laptop,92.27,1,92.27,40.43,App,Tarjeta,55
21191,2025-05-17,Valencia,Ropa,Camiseta,668.6,5,3343.0,458.78,Online,Tarjeta,61
21192,2025-12-31,Valencia,Hogar,Silla Escritorio,396.29,1,396.29,178.89,Online,PayPal,71
21193,2025-02-04,Sevilla,Ropa,Pantalón,455.52,1,455.52,297.21,App,PayPal,57
21194,2025-02-13,Valencia,Deportes,Bicicleta,682.61,2,1365.22,428.12,Online,Tarjeta,41
21195,2025-04-11,Barcelona,Ropa,Camiseta,344.68,4,1378.72,216.61,Online,Efectivo,32
21196,2025-05-11,Madrid,Deportes,Balón,465.35,2,930.7,213.15,App,Tarjeta,2
21197,2025-10-17,Zaragoza,Deportes,Balón,654.69,1,654.69,436.19,App,Efectivo,16
21198,2025-06-09,Barcelona,Electrónica,Smartphone,261.85,4,1047.4,174.77,App,Tarjeta,3
21199,2025-12-16,Zaragoza,Deportes,Mancuernas,793.29,1,793.29,458.3,Online,Tarjeta,93
21200,2025-01-31,Sevilla,Ropa,Camiseta,167.97,3,503.91,114.52,Tienda Física,PayPal,57
21201,2025-06-29,Zaragoza,Electrónica,Smartphone,656.87,5,3284.35,356.53,Tienda Física,Tarjeta,89
21202,2025-10-04,Sevilla,Ropa,Pantalón,697.35,5,3486.75,457.54,App,PayPal,27
21203,2025-02-14,Sevilla,Electrónica,Smartphone,408.05,4,1632.2,220.23,Tienda Física,PayPal,90
21204,2025-03-06,Zaragoza,Deportes,Esterilla Yoga,119.29,2,238.58,67.7,Tienda Física,Tarjeta,99
21205,2025-02-21,Zaragoza,Electrónica,Tablet,273.7,4,1094.8,118.0,App,Efectivo,48
21206,2025-08-28,Valencia,Deportes,Bicicleta,62.65,2,125.3,37.25,Online,Tarjeta,67
21207,2025-10-10,Valencia,Ropa,Camiseta,591.08,1,591.08,287.99,Online,Tarjeta,44
21208,2025-04-28,Madrid,Deportes,Mancuernas,369.13,5,1845.65,152.17,Tienda Física,PayPal,98
21209,2025-09-20,Barcelona,Ropa,Camiseta,620.91,2,1241.82,368.93,Online,Efectivo,14
21210,2025-07-24,Zaragoza,Hogar,Cafetera,734.02,1,734.02,391.8,App,PayPal,3
21211,2025-12-24,Málaga,Hogar,Cafetera,167.25,2,334.5,84.68,Online,PayPal,80
21212,2025-08-27,Sevilla,Electrónica,Tablet,670.15,3,2010.45,385.98,Tienda Física,Tarjeta,69
21213,2025-03-14,Valencia,Deportes,Bicicleta,86.07,4,344.28,50.92,Online,PayPal,98
21214,2025-02-19,Barcelona,Deportes,Esterilla Yoga,790.25,3,2370.75,481.23,Online,Efectivo,74
21215,2025-12-07,Zaragoza,Deportes,Balón,323.56,1,323.56,184.39,Tienda Física,Efectivo,93
21216,2025-12-13,Barcelona,Deportes,Bicicleta,383.25,4,1533.0,206.0,App,Tarjeta,96
21217,2025-09-25,Barcelona,Hogar,Lámpara,681.62,4,2726.48,464.89,App,PayPal,27
21218,2025-09-29,Málaga,Electrónica,Tablet,717.12,5,3585.6,445.19,Online,Efectivo,52
21219,2025-09-14,Madrid,Electrónica,Auriculares,89.65,4,358.6,42.32,Tienda Física,Tarjeta,9
21220,2025-12-31,Zaragoza,Hogar,Cafetera,503.76,1,503.76,232.86,App,PayPal,84
21221,2025-07-04,Málaga,Deportes,Balón,63.39,1,63.39,29.05,Tienda Física,PayPal,51
21222,2025-12-13,Zaragoza,Deportes,Bicicleta,41.53,3,124.59,28.25,Tienda Física,PayPal,90
21223,2025-01-17,Madrid,Deportes,Balón,514.6,1,,266.71,Tienda Física,Efectivo,13
21224,2025-04-19,Barcelona,Hogar,Cafetera,430.52,3,1291.56,172.65,App,Tarjeta,2
21225,2025-02-17,Valencia,Hogar,Silla Escritorio,506.32,4,2025.28,294.09,Tienda Física,Efectivo,47
21226,2025-05-24,Barcelona,Hogar,Cafetera,784.73,5,3923.65,408.43,App,Efectivo,50
21227,2025-05-15,Barcelona,Deportes,Bicicleta,184.22,4,736.88,115.22,App,Efectivo,56
21228,2025-12-31,Barcelona,Ropa,Zapatillas,133.51,3,400.53,88.22,App,Efectivo,96
21229,2025-05-18,Valencia,Electrónica,Auriculares,528.83,3,1586.49,346.23,Online,PayPal,63
21230,2025-07-20,Málaga,Ropa,Chaqueta,56.73,2,113.46,36.05,Tienda Física,Tarjeta,92
21231,2025-08-12,Madrid,Deportes,Balón,700.16,2,1400.32,282.64,App,PayPal,39
21232,2025-04-27,Valencia,Electrónica,Auriculares,348.7,5,,154.59,Tienda Física,Efectivo,20
21233,2025-09-26,Zaragoza,Electrónica,Tablet,295.07,4,1180.28,155.16,Tienda Física,PayPal,2
21234,2025-12-09,Valencia,Electrónica,Smartphone,599.97,3,1799.91,327.4,App,Tarjeta,20
21235,2025-03-16,Valencia,Ropa,Camiseta,462.52,2,925.04,293.09,App,Tarjeta,37
21236,2025-02-06,Málaga,Deportes,Bicicleta,539.1,1,539.1,335.61,Online,Efectivo,1
21237,2025-09-27,Madrid,Ropa,Chaqueta,125.25,4,501.0,70.46,App,PayPal,86
21238,2025-11-06,Barcelona,Electrónica,Auriculares,164.28,3,492.84,105.74,Tienda Física,PayPal,97
21239,2025-03-12,Sevilla,Ropa,Chaqueta,292.07,4,1168.28,127.49,App,PayPal,5
21240,2025-11-22,Málaga,Ropa,Camiseta,315.7,2,631.4,209.2,Online,Tarjeta,97
21241,2025-10-17,Sevilla,Ropa,Camiseta,675.25,5,3376.25,307.05,App,PayPal,6
21242,2025-03-01,Málaga,Electrónica,Smartphone,570.05,5,2850.25,285.82,Tienda Física,Efectivo,95
21243,2025-10-17,Málaga,Hogar,Lámpara,311.41,1,311.41,127.72,App,Tarjeta,84
21244,2025-09-15,Málaga,Electrónica,Smartphone,181.32,2,362.64,106.16,Tienda Física,Tarjeta,67
21245,2025-07-08,Zaragoza,Ropa,Camiseta,170.86,4,683.44,98.74,Tienda Física,PayPal,46
21246,2025-02-07,Madrid,Ropa,Chaqueta,670.54,5,3352.7,369.27,Tienda Física,Efectivo,11
21247,2025-11-12,Zaragoza,Electrónica,Tablet,695.63,3,2086.89,465.17,App,Tarjeta,41
21248,2025-06-08,Valencia,Hogar,Cafetera,333.45,3,1000.35,224.91,Tienda Física,Efectivo,17
21249,2025-12-15,Sevilla,Deportes,Bicicleta,182.87,3,548.61,86.77,App,Efectivo,98
21250,2025-09-29,Barcelona,Electrónica,Laptop,133.06,2,266.12,63.23,Online,Tarjeta,2
21251,2025-02-04,Málaga,Hogar,Espejo,347.31,2,694.62,192.38,App,PayPal,77
21252,2025-12-19,Sevilla,Hogar,Lámpara,462.14,2,,240.87,App,Tarjeta,23
21253,2025-12-04,Málaga,Ropa,Pantalón,175.85,3,527.55,104.15,Online,Efectivo,7
21254,2025-05-30,Zaragoza,Electrónica,Auriculares,351.82,4,1407.28,203.43,Tienda Física,Efectivo,5
21255,2025-12-31,Zaragoza,Electrónica,Smartphone,519.21,1,519.21,310.55,Tienda Física,PayPal,36
21256,2025-08-29,Madrid,Electrónica,Tablet,418.64,3,1255.92,250.69,App,Efectivo,59
21257,2025-09-17,Madrid,Hogar,Cafetera,463.62,5,2318.1,306.53,Tienda Física,Tarjeta,49
21258,2025-05-14,Málaga,Electrónica,Smartphone,93.92,5,469.6,42.46,App,Efectivo,23
21259,2025-03-24,Valencia,Ropa,Zapatillas,699.76,2,1399.52,303.82,Online,Efectivo,72
21260,2025-04-23,Madrid,Deportes,Mancuernas,527.92,1,,264.62,Tienda Física,PayPal,73
21261,2025-11-03,Barcelona,Ropa,Chaqueta,280.6,2,561.2,177.23,Online,Tarjeta,46
21262,2025-04-03,Valencia,Ropa,Zapatillas,719.02,3,2157.06,447.21,Tienda Física,Efectivo,9
21263,2025-12-16,Sevilla,Electrónica,Smartphone,627.51,4,2510.04,375.59,App,Efectivo,81
21264,2025-07-14,Zaragoza,Hogar,Espejo,119.98,4,479.92,59.74,App,PayPal,25
21265,2025-11-01,Málaga,Hogar,Silla Escritorio,204.34,4,817.36,135.93,App,Tarjeta,1
21266,2025-01-31,Zaragoza,Deportes,Mancuernas,334.45,2,668.9,163.12,Online,Tarjeta,70
21267,2025-03-05,Sevilla,Deportes,Esterilla Yoga,636.74,3,,390.05,Online,Tarjeta,96
21268,2025-05-11,Málaga,Hogar,Lámpara,513.88,2,1027.76,310.14,Online,PayPal,88
21269,2025-09-18,Valencia,Deportes,Esterilla Yoga,221.59,3,664.77,153.85,App,Tarjeta,9
21270,2025-02-20,Barcelona,Hogar,Silla Escritorio,455.79,1,455.79,264.22,App,Efectivo,29
21271,2025-12-24,Madrid,Hogar,Lámpara,682.63,1,682.63,350.15,Tienda Física,Efectivo,60
21272,2025-06-09,Málaga,Deportes,Bicicleta,64.15,4,256.6,36.9,Tienda Física,PayPal,56
21273,2025-06-07,Valencia,Hogar,Cafetera,267.41,5,1337.05,160.18,Tienda Física,PayPal,15
21274,2025-09-17,Barcelona,Deportes,Esterilla Yoga,527.38,3,1582.14,278.04,Online,Tarjeta,59
21275,2025-07-15,Málaga,Hogar,Cafetera,139.36,4,557.44,85.61,App,Efectivo,51
21276,2025-10-01,Sevilla,Electrónica,Smartphone,86.31,1,86.31,60.2,App,Tarjeta,14
21277,2025-11-25,Málaga,Electrónica,Tablet,66.58,5,332.9,28.27,Tienda Física,Tarjeta,40
21278,2025-07-08,Valencia,Deportes,Balón,276.14,3,828.42,166.04,App,Efectivo,54
21279,2025-04-14,Málaga,Ropa,Pantalón,366.16,5,1830.8,173.76,App,Efectivo,65
21280,2025-04-26,,Ropa,Pantalón,653.2,4,2612.8,413.97,Online,Tarjeta,28
21281,2025-03-18,Málaga,Ropa,Zapatillas,600.71,5,3003.55,242.31,Tienda Física,Efectivo,59
21282,2025-12-22,Zaragoza,Deportes,Bicicleta,223.65,3,670.95,129.02,Tienda Física,Tarjeta,24
21283,2025-06-26,Zaragoza,Hogar,Silla Escritorio,620.65,2,1241.3,275.66,App,Efectivo,72
21284,2025-07-22,Valencia,Electrónica,Smartphone,119.63,1,,82.03,Tienda Física,PayPal,25
21285,2025-08-07,Zaragoza,Deportes,Bicicleta,312.47,3,937.41,170.33,Online,Tarjeta,88
21286,2025-08-24,Sevilla,Electrónica,Laptop,797.45,4,3189.8,475.01,App,Efectivo,58
21287,2025-06-06,Madrid,Deportes,Esterilla Yoga,459.29,1,,211.39,App,Tarjeta,87
21288,2025-11-18,Sevilla,Hogar,Cafetera,394.69,2,789.38,205.65,App,Tarjeta,90
21289,2025-05-07,Barcelona,Hogar,Silla Escritorio,390.44,5,1952.2,183.3,App,Tarjeta,71
21290,2025-05-28,Málaga,Deportes,Mancuernas,123.9,1,123.9,81.33,Online,Efectivo,36
21291,2025-12-24,Barcelona,Hogar,Espejo,481.66,4,1926.64,239.9,Tienda Física,Efectivo,47
21292,2025-07-01,Zaragoza,Electrónica,Tablet,575.81,1,575.81,258.97,Online,Efectivo,23
21293,2025-04-06,Valencia,Hogar,Espejo,311.43,3,934.29,208.31,Online,Tarjeta,3
21294,2025-05-08,Zaragoza,Electrónica,Auriculares,415.99,4,1663.96,170.42,App,Tarjeta,100
21295,2025-02-06,Barcelona,Hogar,Silla Escritorio,28.61,1,28.61,11.87,App,Tarjeta,27
21296,2025-01-09,Valencia,Hogar,Cafetera,601.84,5,3009.2,305.31,Online,Efectivo,2
21297,2025-05-13,Valencia,Hogar,Espejo,200.04,5,1000.2,109.3,Online,Efectivo,42
21298,2025-11-29,Málaga,Electrónica,Laptop,639.12,2,1278.24,307.18,App,Tarjeta,23
21299,2025-05-29,Madrid,Hogar,Cafetera,487.91,5,2439.55,271.67,App,PayPal,89
21300,2025-04-29,Zaragoza,Hogar,Lámpara,108.83,3,326.49,62.89,App,Tarjeta,42
21301,2025-03-17,Barcelona,Electrónica,Smartphone,328.86,1,328.86,148.86,Online,Efectivo,39
21302,2025-09-12,Barcelona,Electrónica,Smartphone,672.23,2,1344.46,447.87,Online,Efectivo,41
21303,2025-07-01,Málaga,Ropa,Zapatillas,526.52,2,1053.04,285.49,Online,PayPal,3
21304,2025-08-09,Barcelona,Ropa,Zapatillas,499.62,1,499.62,348.15,Online,PayPal,75
21305,2025-12-16,Zaragoza,Electrónica,Auriculares,401.66,2,803.32,230.6,Online,Efectivo,94
21306,2025-04-13,Madrid,Deportes,Bicicleta,102.97,4,,53.06,Tienda Física,Tarjeta,23
21307,2025-06-27,Zaragoza,Ropa,Zapatillas,601.08,3,1803.24,245.13,Tienda Física,PayPal,11
21308,2025-01-20,Valencia,Deportes,Balón,292.65,3,877.95,184.54,App,Tarjeta,60
21309,2025-03-12,Madrid,Hogar,Espejo,791.97,5,3959.85,397.16,Online,Efectivo,53
21310,2025-12-19,Barcelona,Deportes,Mancuernas,622.23,3,1866.69,249.31,Tienda Física,Efectivo,98
21311,2025-10-08,Barcelona,Hogar,Silla Escritorio,34.11,4,136.44,16.38,Online,Tarjeta,70
21312,2025-06-25,Barcelona,Ropa,Zapatillas,678.56,5,3392.8,384.94,Online,PayPal,64
21313,2025-12-31,Sevilla,Deportes,Mancuernas,276.25,4,1105.0,180.49,Tienda Física,PayPal,3
21314,2025-07-26,Málaga,Hogar,Silla Escritorio,477.88,1,477.88,255.92,Tienda Física,PayPal,35
21315,2025-11-29,Zaragoza,Deportes,Esterilla Yoga,423.6,5,2118.0,252.51,Online,PayPal,94
21316,2025-11-21,Zaragoza,Ropa,Zapatillas,417.54,4,1670.16,195.31,Online,Tarjeta,41
21317,2025-01-25,Barcelona,Electrónica,Tablet,637.99,2,1275.98,393.79,App,Efectivo,41
21318,2025-12-22,Valencia,Hogar,Lámpara,273.94,5,1369.7,154.85,Online,Tarjeta,100
21319,2025-02-03,Sevilla,Electrónica,Auriculares,352.13,5,1760.65,230.16,App,Efectivo,62
21320,2025-08-21,Sevilla,Ropa,Chaqueta,666.35,1,666.35,439.35,Tienda Física,PayPal,10
21321,2025-07-19,Málaga,Ropa,Camiseta,314.43,2,628.86,176.63,Tienda Física,PayPal,54
21322,2025-10-30,Málaga,Hogar,Lámpara,45.04,4,180.16,19.76,App,Tarjeta,18
21323,2025-05-03,Málaga,Deportes,Balón,683.33,4,2733.32,405.75,App,PayPal,21
21324,2025-03-16,Málaga,Ropa,Chaqueta,46.79,4,187.16,25.1,App,PayPal,16
21325,2025-08-17,Zaragoza,Deportes,Bicicleta,282.13,3,846.39,154.65,App,PayPal,86
21326,2025-09-25,Barcelona,Hogar,Lámpara,748.48,3,2245.44,465.08,App,PayPal,86
21327,2025-10-30,Barcelona,Electrónica,Laptop,709.99,3,2129.97,408.89,App,Efectivo,70
21328,2025-07-17,Zaragoza,Ropa,Camiseta,395.02,4,1580.08,264.94,Online,Tarjeta,38
21329,2025-10-16,Valencia,Hogar,Silla Escritorio,229.43,4,917.72,98.87,App,Efectivo,64
21330,2025-07-05,Valencia,Electrónica,Laptop,299.87,3,,193.67,Tienda Física,Tarjeta,95
21331,2025-06-30,Zaragoza,Electrónica,Laptop,16.62,3,49.86,9.36,App,Tarjeta,9
21332,2025-07-16,Barcelona,Electrónica,Smartphone,380.57,2,761.14,171.79,App,PayPal,49
21333,2025-06-09,Sevilla,Deportes,Esterilla Yoga,663.88,5,3319.4,443.08,Online,Efectivo,36
21334,2025-08-24,Sevilla,Deportes,Bicicleta,778.65,3,2335.95,342.95,Tienda Física,Tarjeta,86
21335,2025-09-28,Málaga,Electrónica,Auriculares,385.85,2,771.7,186.81,Online,Tarjeta,48
21336,2025-01-06,Sevilla,Ropa,Chaqueta,441.92,3,1325.76,256.4,Tienda Física,Efectivo,62
21337,2025-06-05,Zaragoza,Deportes,Bicicleta,429.14,5,2145.7,299.03,Tienda Física,Tarjeta,55
21338,2025-02-04,Málaga,Ropa,Chaqueta,399.06,4,1596.24,226.05,Tienda Física,Tarjeta,55
21339,2025-01-15,Valencia,Hogar,Cafetera,754.54,1,754.54,310.52,App,Efectivo,62
21340,2025-02-19,Málaga,Electrónica,Laptop,781.3,4,3125.2,351.48,Online,PayPal,19
21341,2025-04-13,Sevilla,Electrónica,Laptop,483.91,3,1451.73,286.23,Online,Tarjeta,64
21342,2025-02-24,Barcelona,Hogar,Lámpara,108.78,2,217.56,48.63,Tienda Física,Efectivo,57
21343,2025-06-10,Barcelona,Ropa,Pantalón,241.76,1,241.76,101.18,Tienda Física,Tarjeta,78
21344,2025-04-12,Málaga,Hogar,Silla Escritorio,686.53,5,3432.65,289.81,Online,PayPal,66
21345,2025-02-04,Barcelona,Ropa,Camiseta,63.45,5,,25.65,App,PayPal,17
21346,2025-11-23,Zaragoza,Deportes,Balón,741.54,3,2224.62,316.4,Tienda Física,Tarjeta,91
21347,2025-06-22,Zaragoza,Ropa,Camiseta,198.31,4,793.24,128.73,Tienda Física,PayPal,23
21348,2025-06-23,Madrid,Deportes,Esterilla Yoga,99.68,2,199.36,47.25,Tienda Física,PayPal,51
21349,2025-10-16,Málaga,Deportes,Bicicleta,180.63,5,,102.32,Online,Efectivo,39
21350,2025-03-16,Madrid,Ropa,Camiseta,724.62,1,724.62,324.56,Online,PayPal,47
21351,2025-04-26,Sevilla,Deportes,Bicicleta,734.47,1,734.47,510.62,Tienda Física,Efectivo,20
21352,2025-06-30,Zaragoza,Electrónica,Tablet,65.93,1,65.93,36.22,Online,PayPal,29
21353,2025-12-24,Málaga,Electrónica,Auriculares,159.61,3,478.83,103.28,Online,PayPal,14
21354,2025-11-04,Sevilla,Deportes,Esterilla Yoga,663.44,5,3317.2,270.06,App,Efectivo,41
21355,2025-12-24,Málaga,Deportes,Balón,718.09,4,2872.36,331.98,Online,PayPal,49
21356,2025-03-08,Madrid,Hogar,Espejo,146.78,3,440.34,73.16,Tienda Física,Tarjeta,19
21357,2025-03-28,Sevilla,Ropa,Zapatillas,377.27,4,1509.08,242.8,Online,Tarjeta,20
21358,2025-04-08,Barcelona,Hogar,Cafetera,686.42,5,3432.1,451.57,Online,PayPal,72
21359,2025-11-08,Barcelona,Electrónica,Smartphone,156.08,3,468.24,78.28,Tienda Física,Efectivo,61
21360,2025-03-31,Madrid,Ropa,Pantalón,203.46,4,813.84,142.07,Tienda Física,Efectivo,35
21361,2025-05-02,Valencia,Hogar,Lámpara,647.73,4,2590.92,415.45,Tienda Física,Tarjeta,13
21362,2025-05-04,Valencia,Deportes,Esterilla Yoga,602.29,4,2409.16,361.39,App,PayPal,68
21363,2025-02-13,Málaga,Electrónica,Tablet,348.52,5,1742.6,150.3,Tienda Física,PayPal,73
21364,2025-03-01,Málaga,Electrónica,Laptop,537.29,5,2686.45,299.38,Online,PayPal,90
21365,2025-03-05,Sevilla,Ropa,Chaqueta,771.48,5,3857.4,502.09,Online,Tarjeta,26
21366,2025-02-01,Valencia,Ropa,Pantalón,150.67,4,602.68,100.25,Tienda Física,Efectivo,73
21367,2025-01-28,Sevilla,Ropa,Chaqueta,344.49,2,688.98,167.68,App,Efectivo,70
21368,2025-03-17,Madrid,Electrónica,Auriculares,184.56,4,,104.52,Online,Efectivo,51
21369,2025-09-03,Madrid,Electrónica,Auriculares,247.99,4,991.96,166.03,Tienda Física,PayPal,80
21370,2025-07-20,Málaga,Deportes,Esterilla Yoga,280.55,3,,158.37,Tienda Física,Efectivo,33
21371,2025-04-05,Málaga,Hogar,Lámpara,508.67,4,2034.68,259.83,Online,Tarjeta,14
21372,2025-05-25,Sevilla,Deportes,Esterilla Yoga,571.18,2,1142.36,229.82,Online,Efectivo,34
21373,2025-08-30,Barcelona,Electrónica,Tablet,353.52,1,353.52,188.46,App,Efectivo,34
21374,2025-11-01,Málaga,Ropa,Zapatillas,681.22,4,2724.88,286.47,Online,PayPal,97
21375,2025-07-29,Zaragoza,Hogar,Cafetera,618.85,2,1237.7,311.17,App,Tarjeta,47
21376,2025-12-31,Zaragoza,Ropa,Camiseta,766.77,2,1533.54,491.27,App,Tarjeta,86
21377,2025-08-12,Madrid,Ropa,Camiseta,514.04,3,1542.12,336.06,Tienda Física,Efectivo,41
21378,2025-01-13,Madrid,Electrónica,Auriculares,720.41,4,2881.64,500.43,Tienda Física,Tarjeta,46
21379,2025-12-03,Barcelona,Electrónica,Smartphone,116.97,1,116.97,78.01,Online,Tarjeta,22
21380,2025-10-13,Zaragoza,Hogar,Lámpara,173.99,5,869.95,101.57,Online,PayPal,61
21381,2025-12-31,Málaga,Electrónica,Auriculares,499.0,5,2495.0,337.03,Online,Efectivo,25
21382,2025-12-31,Barcelona,Ropa,Pantalón,598.1,2,1196.2,399.66,Online,Tarjeta,9
21383,2025-07-24,Málaga,Deportes,Bicicleta,101.71,4,406.84,58.4,App,Tarjeta,17
21384,2025-05-29,Sevilla,Hogar,Lámpara,283.57,4,1134.28,160.39,Online,PayPal,57
21385,2025-03-01,Málaga,Ropa,Chaqueta,145.47,4,581.88,74.72,Tienda Física,PayPal,71
21386,2025-01-28,Valencia,Hogar,Espejo,373.49,2,746.98,225.79,Tienda Física,Efectivo,53
21387,2025-01-27,Valencia,Ropa,Camiseta,624.34,3,1873.02,258.1,App,Efectivo,53
21388,2025-05-16,Málaga,Electrónica,Auriculares,32.38,3,97.14,17.16,Tienda Física,PayPal,73
21389,2025-02-16,Barcelona,Deportes,Mancuernas,26.63,2,53.26,17.28,App,PayPal,56
21390,2025-09-05,Málaga,Electrónica,Auriculares,340.75,5,1703.75,142.46,Tienda Física,Efectivo,84
21391,2025-07-26,Sevilla,Hogar,Espejo,37.1,3,111.3,21.81,Tienda Física,PayPal,20
21392,2025-03-16,Málaga,Ropa,Pantalón,227.35,2,454.7,121.88,App,PayPal,60
21393,2025-06-29,Málaga,Electrónica,Auriculares,664.33,1,664.33,365.9,Online,PayPal,97
21394,2025-10-24,Sevilla,Hogar,Espejo,513.59,4,,356.77,Online,Efectivo,97
21395,2025-08-19,Málaga,Deportes,Esterilla Yoga,166.38,5,831.9,87.91,App,PayPal,24
21396,2025-05-15,Barcelona,Ropa,Pantalón,160.94,2,321.88,101.56,Tienda Física,PayPal,59
21397,2025-06-26,Madrid,Ropa,Pantalón,503.45,1,503.45,254.89,App,Efectivo,73
21398,2025-10-04,Barcelona,Electrónica,Tablet,218.26,2,436.52,108.56,App,PayPal,88
21399,2025-03-19,Sevilla,Deportes,Bicicleta,711.14,2,1422.28,399.45,Online,Tarjeta,95
21400,2025-03-04,Málaga,Hogar,Lámpara,683.93,4,2735.72,393.17,Online,Efectivo,82
21401,2025-03-30,Madrid,Ropa,Chaqueta,486.22,2,972.44,242.64,Online,Tarjeta,3
21402,2025-04-21,Málaga,Electrónica,Tablet,38.77,4,155.08,26.65,Tienda Física,Efectivo,19
21403,2025-08-30,Zaragoza,Ropa,Pantalón,379.52,2,759.04,173.75,App,Efectivo,46
21404,2025-09-08,Sevilla,Electrónica,Tablet,538.47,4,2153.88,239.05,Tienda Física,Tarjeta,8
21405,2025-09-07,Málaga,Hogar,Lámpara,383.11,3,1149.33,199.94,Online,Tarjeta,68
21406,2025-10-18,Zaragoza,Ropa,Chaqueta,679.54,4,2718.16,366.46,Online,PayPal,4
21407,2025-11-05,Málaga,Hogar,Espejo,123.33,1,123.33,70.64,Online,Efectivo,20
21408,2025-02-16,Madrid,Deportes,Bicicleta,298.19,5,1490.95,192.8,Online,PayPal,21
21409,2025-07-07,Barcelona,Hogar,Espejo,51.21,3,153.63,22.29,App,Tarjeta,27
21410,2025-09-29,Barcelona,Ropa,Zapatillas,160.24,4,640.96,64.36,App,Efectivo,70
21411,2025-07-10,Sevilla,Deportes,Mancuernas,726.65,2,1453.3,488.18,Online,Efectivo,91
21412,2025-12-31,Zaragoza,Electrónica,Tablet,208.9,5,1044.5,138.31,Tienda Física,Tarjeta,50
21413,2025-08-01,Madrid,Hogar,Silla Escritorio,661.44,1,661.44,293.84,Online,PayPal,78
21414,2025-01-28,Barcelona,Deportes,Balón,90.17,2,180.34,54.75,App,Efectivo,84
21415,2025-04-16,Barcelona,Ropa,Zapatillas,662.28,5,3311.4,304.61,Online,PayPal,67
21416,2025-11-22,Zaragoza,Ropa,Chaqueta,449.56,2,899.12,265.41,Tienda Física,Tarjeta,32
21417,2025-03-13,Zaragoza,Electrónica,Smartphone,659.38,4,2637.52,299.29,Tienda Física,Tarjeta,16
21418,2025-05-05,Madrid,Electrónica,Smartphone,408.84,5,2044.2,173.63,Tienda Física,Tarjeta,18
21419,2025-12-31,Sevilla,Deportes,Balón,34.82,3,104.46,18.4,Online,Tarjeta,38
21420,2025-07-25,Sevilla,Hogar,Espejo,571.39,4,2285.56,385.59,App,PayPal,64
21421,2025-08-20,Barcelona,Ropa,Camiseta,596.79,1,596.79,293.59,Online,PayPal,21
21422,2025-11-30,Madrid,Ropa,Camiseta,146.81,5,734.05,68.88,Tienda Física,PayPal,98
21423,2025-06-28,Zaragoza,Deportes,Mancuernas,739.68,1,739.68,480.94,App,PayPal,20
21424,2025-12-14,Málaga,Hogar,Cafetera,465.14,4,1860.56,249.07,Tienda Física,Tarjeta,48
21425,2025-06-09,Barcelona,Deportes,Mancuernas,190.76,3,572.28,122.04,App,PayPal,38
21426,2025-01-04,Madrid,Ropa,Zapatillas,56.83,2,113.66,27.66,App,PayPal,39
21427,2025-08-08,Barcelona,Ropa,Camiseta,609.44,3,1828.32,365.58,Online,Tarjeta,80
21428,2025-04-19,Barcelona,Electrónica,Laptop,17.43,4,69.72,9.96,App,PayPal,23
21429,2025-01-07,Sevilla,Electrónica,Auriculares,518.98,2,1037.96,229.74,Tienda Física,Efectivo,88
21430,2025-04-16,Madrid,Deportes,Balón,243.69,4,974.76,141.24,App,PayPal,21
21431,2025-06-19,Zaragoza,Electrónica,Tablet,673.72,3,2021.16,465.16,Tienda Física,Efectivo,29
21432,2025-01-25,Sevilla,Electrónica,Tablet,536.52,5,2682.6,281.71,App,Efectivo,56
21433,2025-08-18,Zaragoza,Electrónica,Tablet,752.26,4,3009.04,412.8,Tienda Física,PayPal,13
21434,2025-03-11,Barcelona,Hogar,Lámpara,706.13,1,706.13,438.19,Tienda Física,PayPal,43
21435,2025-10-04,Valencia,Hogar,Espejo,456.61,4,1826.44,281.33,Tienda Física,Efectivo,62
21436,2025-04-06,Málaga,Deportes,Balón,186.3,1,,112.34,Online,Efectivo,16
21437,2025-10-26,Zaragoza,Ropa,Pantalón,481.29,3,1443.87,222.76,App,Efectivo,49
21438,2025-10-14,Madrid,Electrónica,Smartphone,766.66,4,3066.64,525.18,Online,Efectivo,84
21439,2025-01-27,Madrid,Electrónica,Smartphone,525.05,4,2100.2,262.56,App,PayPal,77
21440,2025-01-13,Madrid,Ropa,Chaqueta,88.68,1,88.68,60.43,App,PayPal,59
21441,2025-08-29,Madrid,Electrónica,Tablet,761.82,1,,504.46,Tienda Física,Tarjeta,1
21442,2025-09-15,Madrid,Electrónica,Smartphone,343.07,2,686.14,200.02,Tienda Física,Tarjeta,79
21443,2025-09-09,Valencia,Hogar,Silla Escritorio,139.26,4,,71.09,Tienda Física,Efectivo,100
21444,2025-08-13,Valencia,Electrónica,Laptop,83.76,1,83.76,53.82,Tienda Física,PayPal,10
21445,2025-04-13,Barcelona,Electrónica,Tablet,798.04,1,798.04,413.33,Online,PayPal,30
21446,2025-06-03,Barcelona,Ropa,Zapatillas,162.21,3,486.63,102.89,Online,Efectivo,89
21447,2025-03-12,Zaragoza,Electrónica,Laptop,308.46,4,1233.84,154.76,Online,Efectivo,90
21448,2025-08-06,Madrid,Deportes,Mancuernas,658.77,3,1976.31,286.02,App,PayPal,82
21449,2025-12-10,Madrid,Hogar,Cafetera,65.22,1,65.22,35.09,Online,Efectivo,5
21450,2025-05-14,Sevilla,Electrónica,Tablet,657.82,1,657.82,331.44,Tienda Física,Tarjeta,85
21451,2025-12-20,Málaga,Deportes,Bicicleta,585.34,5,,238.87,Tienda Física,Tarjeta,54
21452,2025-09-18,Valencia,Hogar,Lámpara,567.96,3,1703.88,330.36,Tienda Física,PayPal,41
21453,2025-07-08,Sevilla,Hogar,Silla Escritorio,46.79,2,93.58,26.34,App,PayPal,1
21454,2025-11-17,Barcelona,Deportes,Mancuernas,157.01,5,785.05,67.18,Online,PayPal,45
21455,2025-03-04,Valencia,Ropa,Camiseta,624.46,1,624.46,399.99,Online,PayPal,6
21456,2025-06-11,Zaragoza,Hogar,Lámpara,388.65,4,1554.6,203.43,Online,Tarjeta,8
21457,2025-02-25,Valencia,Hogar,Cafetera,417.82,2,835.64,262.91,Tienda Física,PayPal,2
21458,2025-07-08,Valencia,Deportes,Esterilla Yoga,320.89,1,320.89,221.76,Tienda Física,PayPal,15
21459,2025-04-10,Zaragoza,Hogar,Espejo,149.82,4,599.28,88.61,Tienda Física,PayPal,98
21460,2025-03-01,Barcelona,Electrónica,Tablet,771.02,2,1542.04,343.59,Online,PayPal,76
21461,2025-06-18,Barcelona,Electrónica,Smartphone,271.43,2,542.86,125.83,App,Efectivo,76
21462,2025-12-05,Zaragoza,Hogar,Lámpara,526.74,1,526.74,317.37,Online,Efectivo,71
21463,2025-08-01,Zaragoza,Ropa,Chaqueta,45.82,3,137.46,21.9,Online,Tarjeta,55
21464,2025-08-04,Málaga,Ropa,Zapatillas,728.85,3,2186.55,493.58,App,Efectivo,57
21465,2025-03-11,Sevilla,Ropa,Zapatillas,490.19,1,490.19,284.16,App,Efectivo,12
21466,2025-10-09,Madrid,Electrónica,Laptop,616.35,5,3081.75,313.28,Online,PayPal,33
21467,2025-12-24,Málaga,Deportes,Esterilla Yoga,419.45,1,419.45,188.62,App,PayPal,73
21468,2025-10-19,Málaga,Deportes,Balón,204.21,3,612.63,99.1,Tienda Física,Efectivo,34
21469,2025-01-09,Málaga,Electrónica,Laptop,60.24,5,301.2,26.43,Tienda Física,Tarjeta,5
21470,2025-07-08,Sevilla,Deportes,Balón,262.29,5,,148.09,Online,PayPal,8
21471,2025-11-30,Barcelona,Hogar,Espejo,594.56,2,1189.12,377.4,Online,PayPal,5
21472,2025-08-09,Barcelona,Electrónica,Auriculares,247.5,4,990.0,148.92,App,Efectivo,65
21473,2025-02-06,Málaga,Electrónica,Tablet,78.82,2,157.64,51.53,Tienda Física,Efectivo,1
21474,2025-02-22,Málaga,Deportes,Bicicleta,157.16,3,471.48,96.61,Online,Tarjeta,79
21475,2025-11-03,Málaga,Hogar,Silla Escritorio,746.4,2,1492.8,426.85,App,Tarjeta,25
21476,2025-11-02,Málaga,Ropa,Chaqueta,484.34,3,1453.02,198.35,App,Efectivo,93
21477,2025-11-12,Madrid,Ropa,Zapatillas,588.01,3,1764.03,294.87,App,Efectivo,17
21478,2025-03-31,Zaragoza,Hogar,Espejo,797.95,3,2393.85,481.92,Tienda Física,Efectivo,64
21479,2025-05-13,Zaragoza,Electrónica,Laptop,93.68,1,93.68,49.45,App,Tarjeta,88
21480,2025-05-18,Madrid,Ropa,Pantalón,25.37,5,126.85,11.93,Online,PayPal,24
21481,2025-04-14,Málaga,Ropa,Pantalón,665.5,2,1331.0,387.55,Online,Efectivo,57
21482,2025-09-26,Madrid,Electrónica,Auriculares,150.12,1,150.12,66.89,Online,PayPal,65
21483,2025-08-16,Zaragoza,Deportes,Balón,68.9,1,68.9,45.06,Tienda Física,Tarjeta,87
21484,2025-08-12,Málaga,Hogar,Cafetera,391.12,2,782.24,246.87,Online,PayPal,69
21485,2025-05-15,Barcelona,Hogar,Espejo,665.1,1,665.1,338.53,Tienda Física,PayPal,20
21486,2025-07-22,Barcelona,Hogar,Lámpara,672.17,1,672.17,286.61,Tienda Física,Tarjeta,70
21487,2025-01-26,Zaragoza,Ropa,Pantalón,369.2,4,1476.8,183.79,Tienda Física,Efectivo,2
21488,2025-12-24,Málaga,Deportes,Mancuernas,209.89,2,419.78,88.02,Online,PayPal,6
21489,2025-03-14,Sevilla,Hogar,Silla Escritorio,520.27,2,1040.54,360.99,Online,PayPal,37
21490,2025-02-02,Málaga,Deportes,Bicicleta,201.7,3,605.1,108.86,Tienda Física,PayPal,84
21491,2025-02-09,Zaragoza,Deportes,Bicicleta,552.72,2,1105.44,286.07,App,PayPal,49
21492,2025-06-10,Barcelona,Deportes,Balón,754.62,3,2263.86,470.93,App,PayPal,67
21493,2025-04-03,Málaga,Ropa,Zapatillas,725.65,3,,364.48,Online,Tarjeta,19
21494,2025-12-07,Sevilla,Hogar,Silla Escritorio,763.29,5,3816.45,473.48,Online,Tarjeta,89
21495,2025-10-12,Barcelona,Ropa,Zapatillas,160.22,1,160.22,105.53,Tienda Física,Tarjeta,7
21496,2025-07-26,Madrid,Electrónica,Auriculares,486.75,3,,295.23,App,Tarjeta,97
21497,2025-01-26,Valencia,Ropa,Pantalón,490.62,1,490.62,288.32,Online,Efectivo,85
21498,2025-04-05,Málaga,Deportes,Balón,526.46,5,2632.3,322.37,App,Efectivo,87
21499,2025-08-17,Sevilla,Hogar,Cafetera,120.53,3,361.59,77.78,Tienda Física,Tarjeta,53
21500,2025-10-31,Madrid,Electrónica,Tablet,283.63,4,1134.52,128.98,Online,Efectivo,89
21501,2025-02-15,Barcelona,Ropa,Camiseta,718.25,5,3591.25,334.18,Tienda Física,Efectivo,46
21502,2025-07-31,Barcelona,Electrónica,Auriculares,98.21,4,392.84,56.03,Tienda Física,Tarjeta,30
21503,2025-09-25,Valencia,Ropa,Camiseta,693.47,1,693.47,354.5,App,PayPal,13
21504,2025-11-29,Zaragoza,Deportes,Esterilla Yoga,136.88,2,273.76,91.45,App,Tarjeta,8
21505,2025-03-13,Barcelona,Electrónica,Laptop,794.21,5,3971.05,462.26,App,PayPal,62
21506,2025-01-27,Madrid,Deportes,Bicicleta,34.77,2,69.54,24.07,Tienda Física,Efectivo,52
21507,2025-05-21,Sevilla,Deportes,Bicicleta,45.39,2,90.78,21.17,Tienda Física,PayPal,92
21508,2025-06-25,Sevilla,Deportes,Bicicleta,191.42,2,382.84,83.42,Online,Efectivo,64
21509,2025-12-17,Sevilla,Ropa,Zapatillas,797.46,1,797.46,416.09,Tienda Física,Efectivo,51
21510,2025-12-13,Sevilla,Ropa,Chaqueta,764.46,2,1528.92,350.63,Online,Tarjeta,50
21511,2025-10-24,Barcelona,Deportes,Esterilla Yoga,250.13,4,1000.52,122.65,Online,Efectivo,41
21512,2025-01-01,Valencia,Hogar,Cafetera,495.11,4,1980.44,260.13,Online,PayPal,11
21513,2025-09-15,Barcelona,Deportes,Mancuernas,149.94,1,149.94,71.51,Online,PayPal,47
21514,2025-11-14,Sevilla,Ropa,Pantalón,396.95,2,793.9,219.29,Online,PayPal,77
21515,2025-11-18,Málaga,Deportes,Mancuernas,718.03,2,1436.06,332.48,Tienda Física,Tarjeta,24
21516,2025-09-28,Madrid,Hogar,Espejo,667.18,3,2001.54,389.27,Online,PayPal,13
21517,2025-03-21,Valencia,Electrónica,Smartphone,225.09,2,450.18,109.7,App,Tarjeta,74
21518,2025-07-19,Zaragoza,Hogar,Espejo,684.5,4,2738.0,297.66,Tienda Física,Efectivo,1
21519,2025-12-16,Barcelona,Ropa,Zapatillas,287.38,2,574.76,133.74,Online,PayPal,31
21520,2025-01-27,Barcelona,Deportes,Mancuernas,193.95,5,969.75,98.94,App,PayPal,10
21521,2025-01-22,Sevilla,Deportes,Bicicleta,584.6,3,1753.8,356.13,App,Efectivo,70
21522,2025-04-17,Madrid,Hogar,Lámpara,32.67,5,163.35,15.45,App,PayPal,87
21523,2025-09-13,Málaga,Hogar,Silla Escritorio,712.02,5,3560.1,496.98,App,PayPal,81
21524,2025-03-25,Málaga,Deportes,Balón,652.1,2,1304.2,370.46,App,Efectivo,34
21525,2025-03-10,Valencia,Electrónica,Laptop,715.81,1,715.81,405.81,Online,PayPal,12
21526,2025-10-20,Valencia,Ropa,Pantalón,341.28,2,682.56,203.24,App,Efectivo,56
21527,2025-12-21,Madrid,Electrónica,Laptop,492.94,1,492.94,268.99,Tienda Física,Efectivo,46
21528,2025-01-03,Barcelona,Hogar,Silla Escritorio,226.89,3,680.67,118.55,Tienda Física,Tarjeta,39
21529,2025-07-27,Barcelona,Deportes,Esterilla Yoga,359.21,5,1796.05,182.2,Online,Tarjeta,60
21530,2025-06-19,Málaga,Electrónica,Laptop,643.78,4,2575.12,436.27,Online,Tarjeta,67
21531,2025-01-05,Zaragoza,Deportes,Esterilla Yoga,784.37,2,1568.74,537.84,Tienda Física,Tarjeta,32
21532,2025-04-21,Barcelona,Electrónica,Laptop,69.77,1,69.77,34.01,Tienda Física,PayPal,56
21533,2025-10-10,Barcelona,Electrónica,Auriculares,569.49,1,569.49,297.65,App,Tarjeta,11
21534,2025-02-14,Málaga,Hogar,Silla Escritorio,60.57,3,181.71,33.49,Online,PayPal,37
21535,2025-07-15,Valencia,Ropa,Pantalón,200.11,5,1000.55,116.4,Online,PayPal,97
21536,2025-02-11,Zaragoza,Ropa,Chaqueta,220.17,1,220.17,119.32,Tienda Física,PayPal,97
21537,2025-01-14,Málaga,Electrónica,Tablet,320.48,4,1281.92,182.87,App,PayPal,58
21538,2025-07-10,Barcelona,Deportes,Esterilla Yoga,621.71,1,621.71,278.85,Online,Efectivo,80
21539,2025-06-10,Sevilla,Ropa,Chaqueta,755.51,2,1511.02,494.63,Tienda Física,Efectivo,6
21540,2025-08-25,Valencia,Electrónica,Auriculares,638.67,1,638.67,352.08,Tienda Física,PayPal,7
21541,2025-04-02,Sevilla,Deportes,Bicicleta,116.12,1,116.12,59.57,Tienda Física,Efectivo,12
21542,2025-02-25,Valencia,Ropa,Zapatillas,333.96,5,1669.8,225.94,App,PayPal,7
21543,2025-10-09,Madrid,Hogar,Lámpara,584.16,5,2920.8,317.95,Tienda Física,Tarjeta,48
21544,2025-12-08,Valencia,Ropa,Chaqueta,81.78,2,163.56,41.98,Tienda Física,Efectivo,11
21545,2025-12-26,Zaragoza,Electrónica,Auriculares,649.31,3,1947.93,423.5,App,Tarjeta,90
21546,2025-10-15,Valencia,Deportes,Esterilla Yoga,294.04,1,294.04,140.75,App,Tarjeta,38
21547,2025-12-22,Zaragoza,Deportes,Esterilla Yoga,348.42,2,696.84,222.33,Online,Efectivo,10
21548,2025-12-13,Madrid,Electrónica,Laptop,214.32,1,214.32,108.64,Online,PayPal,97
21549,2025-01-07,Valencia,Hogar,Espejo,468.05,2,936.1,280.37,Online,Tarjeta,59
21550,2025-02-13,Madrid,Electrónica,Auriculares,512.2,2,1024.4,283.02,App,PayPal,57
21551,2025-11-14,Madrid,Ropa,Camiseta,450.8,3,1352.4,303.25,Online,PayPal,19
21552,2025-12-10,Madrid,Hogar,Espejo,319.02,4,1276.08,219.47,Tienda Física,Efectivo,12
21553,2025-04-28,Barcelona,Deportes,Mancuernas,690.21,1,690.21,306.34,Online,Efectivo,42
21554,2025-01-22,Madrid,Deportes,Bicicleta,283.36,2,,167.6,Online,Tarjeta,21
21555,2025-08-11,Valencia,Deportes,Esterilla Yoga,153.37,2,306.74,84.68,App,PayPal,28
21556,2025-12-31,Barcelona,Electrónica,Auriculares,532.9,5,2664.5,308.71,Tienda Física,Efectivo,69
21557,2025-07-21,Barcelona,Hogar,Lámpara,214.47,4,857.88,89.36,App,Tarjeta,30
21558,2025-09-23,Barcelona,Deportes,Mancuernas,784.31,4,3137.24,410.88,App,PayPal,37
21559,2025-11-17,Valencia,Ropa,Pantalón,155.24,3,465.72,68.66,Tienda Física,Efectivo,69
21560,2025-06-03,Madrid,Electrónica,Laptop,377.76,5,1888.8,207.53,Online,Efectivo,62
21561,2025-09-15,Valencia,Deportes,Mancuernas,177.25,2,354.5,78.33,Online,PayPal,45
21562,2025-09-13,Sevilla,Deportes,Mancuernas,719.31,4,2877.24,403.65,App,Efectivo,66
21563,2025-12-31,Sevilla,Hogar,Cafetera,245.12,3,735.36,108.17,App,Tarjeta,100
21564,2025-05-24,Valencia,Hogar,Silla Escritorio,652.26,5,3261.3,428.46,App,PayPal,58
21565,2025-06-17,Zaragoza,Ropa,Zapatillas,134.29,3,402.87,70.62,Online,Tarjeta,10
21566,2025-06-09,Málaga,Electrónica,Auriculares,276.14,3,828.42,136.22,Tienda Física,PayPal,65
21567,2025-02-04,Valencia,Ropa,Chaqueta,476.27,2,952.54,216.52,Online,Efectivo,95
21568,2025-12-04,Zaragoza,Electrónica,Laptop,543.02,1,543.02,280.3,App,PayPal,37
21569,2025-06-23,Zaragoza,Deportes,Esterilla Yoga,571.97,2,1143.94,242.58,Online,Tarjeta,88
21570,2025-03-29,Sevilla,Electrónica,Laptop,679.88,2,1359.76,297.78,Online,Efectivo,43
21571,2025-03-04,Málaga,Deportes,Esterilla Yoga,337.75,5,1688.75,172.88,Tienda Física,PayPal,23
21572,2025-02-11,Barcelona,Deportes,Bicicleta,20.33,2,40.66,12.8,Online,Tarjeta,66
21573,2025-03-08,Málaga,Electrónica,Smartphone,589.7,2,1179.4,269.73,Tienda Física,PayPal,54
21574,2025-07-16,Málaga,Hogar,Lámpara,720.01,2,1440.02,319.93,Online,Tarjeta,8
21575,2025-06-08,Barcelona,Hogar,Silla Escritorio,628.63,1,628.63,338.48,App,Efectivo,14
21576,2025-04-26,Barcelona,Hogar,Cafetera,409.35,2,818.7,232.99,Online,PayPal,30
21577,2025-06-25,Zaragoza,Ropa,Pantalón,340.05,5,1700.25,181.35,Online,Tarjeta,93
21578,2025-09-01,Barcelona,Electrónica,Smartphone,699.72,4,2798.88,454.53,Online,Tarjeta,15
21579,2025-04-27,Barcelona,Ropa,Camiseta,508.05,2,1016.1,237.82,Tienda Física,PayPal,30
21580,2025-03-22,Barcelona,Deportes,Esterilla Yoga,574.54,5,2872.7,241.77,App,PayPal,56
21581,2025-09-25,Barcelona,Electrónica,Smartphone,542.42,1,542.42,236.66,Tienda Física,Efectivo,5
21582,2025-01-04,Barcelona,Deportes,Mancuernas,478.84,5,2394.2,259.37,Online,Tarjeta,68
21583,2025-10-21,Zaragoza,Deportes,Bicicleta,39.0,3,117.0,21.6,Tienda Física,Efectivo,32
21584,2025-12-24,Zaragoza,Electrónica,Auriculares,746.23,4,2984.92,393.24,App,PayPal,54
21585,2025-02-08,Sevilla,Hogar,Silla Escritorio,725.59,2,1451.18,335.38,App,PayPal,56
21586,2025-05-09,Zaragoza,Deportes,Esterilla Yoga,68.82,1,68.82,42.41,App,Efectivo,56
21587,2025-09-27,Zaragoza,Electrónica,Tablet,102.31,5,511.55,53.2,Online,Efectivo,31
21588,2025-05-03,Sevilla,Deportes,Esterilla Yoga,238.8,4,955.2,106.88,Online,PayPal,65
21589,2025-01-24,Barcelona,Deportes,Balón,753.71,3,2261.13,498.92,Tienda Física,Efectivo,43
21590,2025-05-26,Zaragoza,Deportes,Bicicleta,512.08,3,1536.24,267.03,App,Tarjeta,19
21591,2025-02-28,Madrid,Electrónica,Tablet,646.78,4,2587.12,417.27,Tienda Física,PayPal,41
21592,2025-05-12,Barcelona,Hogar,Lámpara,569.97,2,1139.94,274.03,App,PayPal,79
21593,2025-11-23,Madrid,Deportes,Esterilla Yoga,780.58,4,3122.32,447.99,App,Tarjeta,54
21594,2025-01-05,Valencia,Deportes,Mancuernas,499.61,3,1498.83,327.55,App,Efectivo,85
21595,2025-10-20,Madrid,Deportes,Esterilla Yoga,466.52,2,933.04,284.42,Tienda Física,PayPal,93
21596,2025-04-06,Sevilla,Ropa,Camiseta,97.3,3,291.9,66.24,Online,PayPal,48
21597,2025-01-02,Zaragoza,Deportes,Bicicleta,791.34,3,2374.02,329.15,Tienda Física,Tarjeta,49
21598,2025-05-15,Valencia,Electrónica,Tablet,468.0,3,1404.0,250.72,Online,PayPal,56
21599,2025-12-31,Málaga,Deportes,Bicicleta,441.64,3,1324.92,247.49,App,Efectivo,71
21600,2025-04-13,Madrid,Electrónica,Tablet,87.16,2,174.32,56.74,Tienda Física,Tarjeta,45
21601,2025-01-19,Zaragoza,Ropa,Camiseta,132.38,1,,78.91,Tienda Física,Tarjeta,42
21602,2025-04-08,Madrid,Ropa,Zapatillas,56.16,2,112.32,37.71,App,Efectivo,33
21603,2025-06-30,Valencia,Hogar,Lámpara,652.18,3,1956.54,456.3,App,Tarjeta,16
21604,2025-08-06,Zaragoza,Ropa,Chaqueta,738.99,1,,367.74,Tienda Física,Efectivo,66
21605,2025-02-09,Madrid,Deportes,Mancuernas,222.71,1,222.71,114.33,Online,Efectivo,97
21606,2025-07-28,Madrid,Deportes,Bicicleta,519.34,2,1038.68,346.68,Tienda Física,Tarjeta,44
21607,2025-02-20,Málaga,Hogar,Silla Escritorio,685.6,5,3428.0,324.87,Tienda Física,PayPal,2
21608,2025-10-25,Málaga,Electrónica,Smartphone,186.65,5,933.25,117.7,Online,PayPal,33
21609,2025-01-26,Zaragoza,Ropa,Pantalón,543.17,1,543.17,256.03,Online,Tarjeta,22
21610,2025-12-18,Sevilla,Hogar,Silla Escritorio,153.86,3,461.58,79.8,Tienda Física,Tarjeta,69
21611,2025-11-25,Madrid,Ropa,Zapatillas,106.64,1,106.64,52.68,App,PayPal,29
21612,2025-04-18,Sevilla,Hogar,Cafetera,466.45,3,1399.35,214.51,Tienda Física,Efectivo,67
21613,2025-03-02,Valencia,Ropa,Pantalón,562.78,2,1125.56,339.57,Tienda Física,Tarjeta,6
21614,2025-07-19,Zaragoza,Electrónica,Laptop,799.51,2,1599.02,469.71,Online,Tarjeta,16
21615,2025-11-03,Zaragoza,Hogar,Espejo,65.32,2,130.64,28.56,Tienda Física,Efectivo,62
21616,2025-09-15,Málaga,Electrónica,Tablet,38.73,2,77.46,16.55,Tienda Física,PayPal,84
21617,2025-09-23,Zaragoza,Hogar,Cafetera,292.09,1,292.09,140.21,Online,PayPal,93
21618,2025-03-02,Madrid,Ropa,Camiseta,453.92,5,2269.6,266.37,Tienda Física,Tarjeta,61
21619,2025-11-11,Málaga,Deportes,Bicicleta,670.07,2,1340.14,335.01,App,Tarjeta,99
21620,2025-11-08,Valencia,Deportes,Mancuernas,668.9,2,1337.8,362.02,Online,Efectivo,13
21621,2025-12-31,Málaga,Ropa,Camiseta,363.1,2,726.2,154.01,App,Efectivo,13
21622,2025-10-28,Zaragoza,Electrónica,Smartphone,331.8,5,,158.72,App,Efectivo,39
21623,2025-10-19,Valencia,Hogar,Cafetera,393.34,1,393.34,214.75,App,Efectivo,51
21624,2025-09-05,Valencia,Deportes,Bicicleta,598.77,2,1197.54,396.01,Online,Tarjeta,63
21625,2025-04-03,Barcelona,Ropa,Zapatillas,647.23,3,1941.69,416.79,Online,Tarjeta,8
21626,2025-07-15,Zaragoza,Electrónica,Auriculares,40.36,3,121.08,23.26,App,Tarjeta,91
21627,2025-01-05,Barcelona,Ropa,Pantalón,303.56,4,1214.24,127.59,Tienda Física,Efectivo,86
21628,2025-05-25,Málaga,Hogar,Espejo,306.68,5,1533.4,203.03,App,Efectivo,55
21629,2025-08-15,Málaga,Deportes,Balón,399.84,4,1599.36,261.02,Online,Efectivo,23
21630,2025-09-01,Valencia,Ropa,Chaqueta,16.85,3,50.55,8.71,Tienda Física,PayPal,31
21631,2025-07-27,Zaragoza,Deportes,Mancuernas,265.78,2,531.56,168.07,Tienda Física,Tarjeta,80
21632,2025-12-31,Zaragoza,Deportes,Esterilla Yoga,581.74,2,1163.48,251.54,Tienda Física,Efectivo,100
21633,2025-10-17,Valencia,Deportes,Esterilla Yoga,412.7,3,1238.1,261.3,App,PayPal,1
21634,2025-06-25,Sevilla,Hogar,Espejo,85.03,2,170.06,39.44,Tienda Física,PayPal,38
21635,2025-06-09,Zaragoza,Electrónica,Smartphone,411.63,5,2058.15,282.81,Tienda Física,PayPal,15
21636,2025-12-23,Barcelona,Hogar,Lámpara,614.34,5,3071.7,278.26,App,Efectivo,33
21637,2025-01-16,Zaragoza,Electrónica,Laptop,429.09,2,858.18,205.52,App,Tarjeta,69
21638,2025-04-24,Zaragoza,Electrónica,Tablet,623.15,3,1869.45,374.54,App,Efectivo,99
21639,2025-12-31,Valencia,Electrónica,Auriculares,135.11,3,405.33,92.87,Tienda Física,Tarjeta,60
21640,2025-10-12,Valencia,Deportes,Esterilla Yoga,773.44,5,3867.2,451.95,App,PayPal,33
21641,2025-08-17,Barcelona,Electrónica,Tablet,637.49,3,1912.47,349.71,Online,PayPal,11
21642,2025-11-09,Valencia,Hogar,Lámpara,420.51,2,841.02,289.34,Online,PayPal,58
21643,2025-01-16,Barcelona,Hogar,Espejo,608.82,5,3044.1,381.98,App,Efectivo,62
21644,2025-05-05,Barcelona,Deportes,Bicicleta,572.51,1,572.51,361.84,App,Efectivo,48
21645,2025-01-07,Zaragoza,Deportes,Bicicleta,67.03,2,134.06,26.83,Online,Efectivo,21
21646,2025-06-03,Valencia,Electrónica,Laptop,96.69,4,386.76,41.49,App,PayPal,8
21647,2025-02-20,Madrid,Ropa,Camiseta,338.02,3,1014.06,221.5,Online,Tarjeta,14
21648,2025-11-26,Madrid,Electrónica,Auriculares,419.62,2,839.24,193.27,Online,Efectivo,100
21649,2025-12-27,Valencia,Ropa,Camiseta,630.18,4,2520.72,321.78,Online,PayPal,30
21650,2025-02-27,Zaragoza,Ropa,Zapatillas,646.68,4,2586.72,300.94,Tienda Física,Efectivo,36
21651,2025-03-19,Sevilla,Deportes,Balón,699.49,3,2098.47,472.31,Online,Efectivo,62
21652,2025-05-02,Sevilla,Electrónica,Smartphone,296.35,1,,202.1,Online,PayPal,46
21653,2025-02-03,Zaragoza,Electrónica,Auriculares,693.68,3,2081.04,371.01,App,PayPal,22
21654,2025-02-16,Zaragoza,Hogar,Silla Escritorio,758.7,3,2276.1,322.5,Online,Tarjeta,3
21655,2025-05-13,Zaragoza,Hogar,Cafetera,683.99,2,1367.98,337.78,Online,PayPal,55
21656,2025-12-18,Sevilla,Deportes,Balón,486.89,4,1947.56,234.04,Tienda Física,Tarjeta,83
21657,2025-02-14,Valencia,Deportes,Balón,476.42,5,2382.1,315.48,App,Efectivo,27
21658,2025-11-30,Madrid,Ropa,Chaqueta,457.8,1,457.8,233.64,Tienda Física,PayPal,38
21659,2025-11-03,Madrid,Ropa,Camiseta,94.53,5,472.65,49.3,App,PayPal,36
21660,2025-05-13,Madrid,Ropa,Zapatillas,507.53,1,507.53,292.62,Tienda Física,Efectivo,8
21661,2025-04-03,Madrid,Ropa,Pantalón,501.0,4,2004.0,292.01,Online,Tarjeta,31
21662,2025-12-31,Madrid,Hogar,Espejo,626.9,4,2507.6,380.53,Tienda Física,Tarjeta,68
21663,2025-02-22,Málaga,Electrónica,Laptop,611.42,3,1834.26,402.23,Tienda Física,PayPal,16
21664,2025-08-01,Málaga,Deportes,Bicicleta,246.33,5,1231.65,120.57,Tienda Física,PayPal,46
21665,2025-05-19,Madrid,Ropa,Chaqueta,667.87,4,2671.48,364.67,Tienda Física,Tarjeta,65
21666,2025-03-02,Madrid,Electrónica,Tablet,359.38,5,1796.9,159.15,App,PayPal,59
21667,2025-06-15,Zaragoza,Hogar,Espejo,380.28,4,1521.12,175.04,App,Tarjeta,86
21668,2025-12-08,Madrid,Electrónica,Auriculares,686.27,1,686.27,411.98,Online,Efectivo,7
21669,2025-04-10,Málaga,Electrónica,Laptop,716.22,5,3581.1,441.36,Tienda Física,PayPal,14
21670,2025-09-29,Valencia,Ropa,Zapatillas,225.93,5,1129.65,91.03,App,Tarjeta,4
21671,2025-01-29,Barcelona,Hogar,Cafetera,758.5,5,3792.5,365.79,Online,Efectivo,96
21672,2025-04-07,Sevilla,Hogar,Silla Escritorio,175.38,5,876.9,110.91,Tienda Física,Efectivo,46
21673,2025-06-10,Sevilla,Ropa,Camiseta,406.41,5,2032.05,230.94,Tienda Física,Tarjeta,29
21674,2025-02-02,Valencia,Deportes,Bicicleta,159.0,4,636.0,104.53,App,PayPal,84
21675,2025-02-18,Málaga,Ropa,Pantalón,250.43,1,250.43,126.46,Tienda Física,Efectivo,24
21676,2025-02-19,Barcelona,Hogar,Espejo,16.68,3,50.04,8.13,Tienda Física,Tarjeta,75
21677,2025-12-20,Málaga,Hogar,Espejo,736.14,4,2944.56,458.43,Online,PayPal,16
21678,2025-08-28,Barcelona,Electrónica,Auriculares,218.2,4,872.8,128.36,Online,PayPal,50
21679,2025-02-13,Madrid,Hogar,Silla Escritorio,561.71,3,1685.13,391.45,App,PayPal,56
21680,2025-10-31,Zaragoza,Electrónica,Auriculares,105.32,3,315.96,63.5,Tienda Física,PayPal,27
21681,2025-03-06,Madrid,Electrónica,Auriculares,200.07,3,600.21,122.57,Online,Efectivo,30
21682,2025-12-19,Málaga,Hogar,Lámpara,396.71,2,793.42,162.9,App,Efectivo,17
21683,2025-12-24,Málaga,Hogar,Lámpara,416.2,5,2081.0,265.8,Online,Tarjeta,70
21684,2025-08-30,Sevilla,Deportes,Bicicleta,395.87,4,1583.48,169.85,App,Efectivo,54
21685,2025-07-05,Valencia,Deportes,Esterilla Yoga,160.25,1,160.25,111.88,Online,Tarjeta,60
21686,2025-03-11,Zaragoza,Hogar,Lámpara,511.75,2,1023.5,298.82,Tienda Física,PayPal,47
21687,2025-01-18,Sevilla,Ropa,Chaqueta,768.85,5,3844.25,521.47,Online,Efectivo,14
21688,2025-11-27,Valencia,Ropa,Zapatillas,321.24,3,963.72,136.78,Online,PayPal,49
21689,2025-01-16,Zaragoza,Hogar,Cafetera,786.59,3,2359.77,372.95,Online,Efectivo,67
21690,2025-05-08,Zaragoza,Electrónica,Tablet,449.73,4,1798.92,300.37,Tienda Física,Efectivo,39
21691,2025-11-23,Zaragoza,Electrónica,Tablet,541.37,3,1624.11,359.25,Online,Tarjeta,92
21692,2025-07-29,Málaga,Hogar,Lámpara,237.51,5,1187.55,147.86,Online,PayPal,45
21693,2025-01-05,Madrid,Ropa,Pantalón,75.16,3,225.48,31.91,App,PayPal,32
21694,2025-11-01,Barcelona,Hogar,Espejo,178.53,4,714.12,108.66,Online,Tarjeta,24
21695,2025-03-05,Barcelona,Deportes,Balón,630.13,5,3150.65,439.74,App,PayPal,16
21696,2025-07-27,Sevilla,Deportes,Balón,297.35,1,297.35,133.52,App,Efectivo,24
21697,2025-07-17,Málaga,Hogar,Lámpara,669.56,4,2678.24,332.82,App,PayPal,82
21698,2025-08-20,Sevilla,Ropa,Pantalón,348.89,3,1046.67,243.83,App,Tarjeta,15
21699,2025-10-20,Valencia,Ropa,Camiseta,627.04,4,2508.16,411.44,App,Tarjeta,59
21700,2025-07-06,Sevilla,Electrónica,Smartphone,657.35,5,3286.75,309.28,App,PayPal,88
21701,2025-04-04,Zaragoza,Electrónica,Laptop,632.55,1,632.55,275.33,Tienda Física,PayPal,97
21702,2025-01-13,Zaragoza,Ropa,Zapatillas,710.99,4,,394.9,App,Tarjeta,46
21703,2025-11-29,Zaragoza,Hogar,Espejo,266.12,4,1064.48,120.16,Tienda Física,PayPal,72
21704,2025-10-01,Barcelona,Electrónica,Laptop,602.53,4,2410.12,383.84,Online,Efectivo,77
21705,2025-01-18,Barcelona,Ropa,Zapatillas,567.78,5,2838.9,363.09,Online,PayPal,95
21706,2025-08-01,Sevilla,Ropa,Camiseta,170.38,5,851.9,115.61,App,Efectivo,26
21707,2025-01-09,Sevilla,Electrónica,Laptop,557.02,4,2228.08,245.2,App,Tarjeta,3
21708,2025-04-14,Valencia,Deportes,Bicicleta,327.96,3,983.88,140.02,App,Efectivo,54
21709,2025-12-27,Sevilla,Electrónica,Tablet,715.69,4,2862.76,320.3,Tienda Física,Efectivo,30
21710,2025-06-14,Sevilla,Deportes,Bicicleta,176.64,1,176.64,98.97,Online,PayPal,52
21711,2025-08-19,Barcelona,Hogar,Lámpara,151.53,5,757.65,94.43,App,Efectivo,42
21712,2025-02-10,Madrid,Deportes,Esterilla Yoga,421.54,5,2107.7,276.75,Online,PayPal,49
21713,2025-09-05,Madrid,Deportes,Bicicleta,770.46,2,1540.92,339.83,Tienda Física,PayPal,77
21714,2025-09-03,Madrid,Ropa,Camiseta,161.15,5,805.75,106.26,Online,Efectivo,58
21715,2025-05-05,Madrid,Electrónica,Tablet,559.95,3,1679.85,381.61,Tienda Física,Tarjeta,47
21716,2025-10-04,Zaragoza,Deportes,Balón,88.36,5,441.8,54.91,App,Tarjeta,17
21717,2025-03-20,Valencia,Hogar,Cafetera,649.82,2,1299.64,448.99,Online,Tarjeta,92
21718,2025-08-24,Madrid,Ropa,Pantalón,439.73,1,439.73,189.28,Tienda Física,Efectivo,84
21719,2025-02-15,Barcelona,Hogar,Espejo,484.99,2,969.98,303.72,App,Tarjeta,96
21720,2025-02-17,Málaga,Hogar,Silla Escritorio,325.48,1,325.48,137.2,App,Tarjeta,98
21721,2025-03-01,Málaga,Hogar,Lámpara,604.03,1,604.03,316.54,Tienda Física,Tarjeta,29
21722,2025-12-03,Madrid,Electrónica,Laptop,656.6,1,656.6,397.16,Online,Efectivo,45
21723,2025-12-31,Málaga,Deportes,Balón,729.97,4,2919.88,429.97,Online,Tarjeta,8
21724,2025-01-31,Valencia,Hogar,Espejo,704.88,5,,488.85,Tienda Física,Tarjeta,22
21725,2025-01-18,Madrid,Hogar,Espejo,259.25,1,259.25,172.25,App,Tarjeta,47
21726,2025-12-27,Valencia,Electrónica,Auriculares,592.9,3,1778.7,302.48,Tienda Física,Efectivo,73
21727,2025-07-14,Málaga,Electrónica,Smartphone,313.75,3,941.25,188.86,Online,PayPal,29
21728,2025-05-19,Valencia,Electrónica,Auriculares,364.3,5,1821.5,180.21,Online,Efectivo,28
21729,2025-03-30,Málaga,Deportes,Mancuernas,104.34,3,313.02,42.55,App,Efectivo,88
21730,2025-08-30,Valencia,Electrónica,Smartphone,420.23,4,1680.92,228.36,Online,Tarjeta,93
21731,2025-01-28,Madrid,Deportes,Mancuernas,418.62,2,837.24,247.94,Online,Tarjeta,64
21732,2025-12-31,Zaragoza,Ropa,Camiseta,255.91,2,511.82,175.12,Tienda Física,Efectivo,96
21733,2025-11-10,Zaragoza,Hogar,Lámpara,671.71,5,3358.55,388.57,App,PayPal,14
21734,2025-12-03,Valencia,Ropa,Pantalón,652.99,5,3264.95,286.41,Tienda Física,Tarjeta,33
21735,2025-06-19,Barcelona,Ropa,Chaqueta,664.12,5,3320.6,304.13,Online,PayPal,29
21736,2025-10-28,Zaragoza,Hogar,Cafetera,702.98,5,3514.9,309.67,Tienda Física,Tarjeta,29
21737,2025-04-26,Málaga,Ropa,Zapatillas,712.62,3,2137.86,317.29,Online,Tarjeta,7
21738,2025-11-19,Valencia,Deportes,Balón,787.97,1,787.97,405.44,Online,Tarjeta,52
21739,2025-05-26,Zaragoza,Deportes,Esterilla Yoga,393.94,4,1575.76,207.93,App,Tarjeta,99
21740,2025-08-26,Madrid,Ropa,Zapatillas,744.04,1,744.04,298.87,App,Efectivo,20
21741,2025-10-28,Málaga,Hogar,Cafetera,306.89,5,,138.49,Tienda Física,PayPal,21
21742,2025-07-29,Málaga,Hogar,Cafetera,266.63,4,1066.52,141.2,Tienda Física,PayPal,49
21743,2025-06-11,Málaga,Electrónica,Laptop,678.59,2,1357.18,418.71,Online,Efectivo,78
21744,2025-10-18,Barcelona,Hogar,Cafetera,356.76,4,1427.04,222.79,App,Efectivo,69
21745,2025-09-10,Málaga,Hogar,Cafetera,42.6,1,42.6,17.39,App,PayPal,73
21746,2025-03-25,Madrid,Electrónica,Laptop,255.42,5,,136.12,App,PayPal,10
21747,2025-11-29,Barcelona,Hogar,Cafetera,750.84,5,3754.2,336.12,Tienda Física,Tarjeta,24
21748,2025-07-26,Barcelona,Electrónica,Tablet,756.94,1,756.94,418.84,Tienda Física,Tarjeta,92
21749,2025-08-23,Málaga,Hogar,Espejo,393.27,3,1179.81,217.71,App,Tarjeta,13
21750,2025-07-29,Barcelona,Electrónica,Laptop,763.83,1,763.83,419.92,Tienda Física,Tarjeta,87
21751,2025-06-08,Málaga,Electrónica,Smartphone,137.68,1,137.68,82.61,Tienda Física,Tarjeta,20
21752,2025-02-26,Madrid,Electrónica,Tablet,667.1,3,2001.3,277.48,Online,PayPal,37
21753,2025-03-09,Zaragoza,Deportes,Balón,373.35,3,1120.05,235.11,Tienda Física,PayPal,48
21754,2025-11-18,Valencia,Ropa,Pantalón,113.87,3,341.61,55.21,App,Efectivo,23
21755,2025-08-14,Valencia,Electrónica,Smartphone,237.46,1,237.46,99.18,Online,PayPal,93
21756,2025-12-31,Valencia,Deportes,Mancuernas,377.71,3,1133.13,230.0,Tienda Física,PayPal,1
21757,2025-10-18,Madrid,Hogar,Espejo,763.36,2,1526.72,451.36,Tienda Física,PayPal,66
21758,2025-03-28,Málaga,Hogar,Lámpara,199.95,1,199.95,81.79,App,PayPal,30
21759,2025-09-17,Barcelona,Hogar,Espejo,313.71,2,627.42,125.66,Online,PayPal,87
21760,2025-05-31,Valencia,Hogar,Cafetera,343.64,1,343.64,189.64,Tienda Física,Tarjeta,2
21761,2025-06-19,Zaragoza,Hogar,Cafetera,787.29,3,2361.87,392.03,Tienda Física,PayPal,33
21762,2025-07-16,Madrid,Deportes,Mancuernas,298.63,5,1493.15,124.43,Online,PayPal,36
21763,2025-11-07,Valencia,Electrónica,Laptop,742.28,5,,499.37,Tienda Física,PayPal,14
21764,2025-03-16,Madrid,Hogar,Lámpara,669.7,3,2009.1,427.32,App,PayPal,52
21765,2025-12-16,Barcelona,Hogar,Lámpara,263.91,2,527.82,141.34,Online,Tarjeta,19
21766,2025-04-01,Barcelona,Hogar,Espejo,512.45,5,2562.25,345.16,App,Efectivo,24
21767,2025-05-31,Zaragoza,Electrónica,Smartphone,489.6,5,2448.0,291.06,Online,PayPal,73
21768,2025-07-31,Valencia,Hogar,Espejo,448.84,2,897.68,263.14,Online,Efectivo,83
21769,2025-07-27,Zaragoza,Hogar,Silla Escritorio,106.59,5,532.95,69.78,App,PayPal,20
21770,2025-04-10,Sevilla,Deportes,Mancuernas,370.34,1,370.34,192.26,Tienda Física,Efectivo,32
21771,2025-03-21,Málaga,Deportes,Bicicleta,583.85,4,2335.4,307.31,Online,PayPal,80
21772,2025-11-26,Valencia,Electrónica,Auriculares,412.89,4,1651.56,254.81,Tienda Física,Efectivo,65
21773,2025-11-10,Madrid,Electrónica,Tablet,558.89,4,2235.56,375.68,Online,Efectivo,44
21774,2025-10-31,Zaragoza,Ropa,Pantalón,492.58,5,2462.9,287.25,App,Tarjeta,22
21775,2025-04-06,Zaragoza,Deportes,Balón,352.88,1,352.88,235.53,Online,Tarjeta,76
21776,2025-07-21,Málaga,Deportes,Esterilla Yoga,580.1,3,1740.3,316.65,App,PayPal,41
21777,2025-07-07,Barcelona,Hogar,Cafetera,82.96,3,248.88,39.19,Online,Tarjeta,22
21778,2025-11-06,Sevilla,Deportes,Balón,628.98,4,2515.92,384.86,Online,Efectivo,18
21779,2025-04-17,Valencia,Electrónica,Auriculares,769.86,1,769.86,537.84,App,Tarjeta,23
21780,2025-05-11,Zaragoza,Ropa,Camiseta,428.84,4,1715.36,258.05,Online,Efectivo,68
21781,2025-02-07,Zaragoza,Electrónica,Laptop,354.51,3,1063.53,142.46,Online,Tarjeta,37
21782,2025-06-25,Valencia,Electrónica,Laptop,61.37,1,61.37,26.53,App,Efectivo,49
21783,2025-08-04,Zaragoza,Hogar,Lámpara,430.87,2,861.74,252.02,Tienda Física,Tarjeta,73
21784,2025-07-31,Zaragoza,Deportes,Esterilla Yoga,509.69,5,2548.45,208.63,Tienda Física,Efectivo,2
21785,2025-06-07,Madrid,Electrónica,Laptop,284.84,3,854.52,130.15,Tienda Física,Tarjeta,3
21786,2025-08-09,Madrid,Electrónica,Laptop,196.77,5,983.85,88.7,Tienda Física,PayPal,50
21787,2025-09-25,Barcelona,Electrónica,Smartphone,418.34,2,836.68,274.89,Online,Tarjeta,69
21788,2025-04-05,Madrid,Electrónica,Auriculares,273.41,5,1367.05,165.07,App,PayPal,33
21789,2025-10-15,Valencia,Electrónica,Tablet,680.49,5,3402.45,283.41,Online,Efectivo,21
21790,2025-01-03,Valencia,Deportes,Mancuernas,190.82,2,381.64,123.12,App,PayPal,20
21791,2025-04-08,Málaga,Ropa,Chaqueta,406.74,4,1626.96,234.58,Tienda Física,PayPal,23
21792,2025-09-23,Madrid,Deportes,Esterilla Yoga,591.02,2,1182.04,388.74,App,Tarjeta,66
21793,2025-07-15,Sevilla,Electrónica,Auriculares,504.8,2,1009.6,222.88,App,Efectivo,54
21794,2025-12-22,Málaga,Ropa,Zapatillas,428.46,4,1713.84,257.8,Tienda Física,Tarjeta,79
21795,2025-08-10,Barcelona,Electrónica,Tablet,97.18,4,388.72,47.62,Online,PayPal,45
21796,2025-03-22,Sevilla,Deportes,Mancuernas,209.13,2,418.26,84.15,App,Tarjeta,46
21797,2025-12-02,Sevilla,Electrónica,Smartphone,284.67,1,284.67,153.88,Online,Efectivo,77
21798,2025-09-04,Madrid,Hogar,Cafetera,504.47,4,2017.88,297.4,Tienda Física,Tarjeta,72
21799,2025-03-06,Barcelona,Electrónica,Auriculares,365.48,3,1096.44,242.96,Online,Efectivo,5
21800,2025-03-06,Valencia,Deportes,Mancuernas,93.27,1,93.27,46.48,App,Efectivo,89
21801,2025-03-19,Zaragoza,Hogar,Cafetera,168.01,2,336.02,67.74,Tienda Física,PayPal,1
21802,2025-05-31,Madrid,Hogar,Lámpara,478.93,2,,222.96,App,PayPal,64
21803,2025-10-29,Zaragoza,Electrónica,Tablet,111.75,5,,56.84,Online,Efectivo,64
21804,2025-08-12,Zaragoza,Ropa,Zapatillas,125.9,1,125.9,78.97,Tienda Física,Tarjeta,4
21805,2025-07-22,Barcelona,Ropa,Zapatillas,57.37,5,286.85,36.35,Tienda Física,Tarjeta,66
21806,2025-11-29,Zaragoza,Ropa,Pantalón,289.78,3,869.34,167.65,Online,Tarjeta,36
21807,2025-07-07,Zaragoza,Deportes,Mancuernas,712.46,2,1424.92,359.84,App,Efectivo,13
21808,2025-08-29,Málaga,Deportes,Balón,712.82,1,712.82,325.39,Tienda Física,Efectivo,19
21809,2025-02-18,Sevilla,Hogar,Lámpara,607.72,4,,297.52,App,Efectivo,82
21810,2025-08-31,Madrid,Hogar,Lámpara,170.8,5,854.0,72.51,Tienda Física,Tarjeta,18
21811,2025-04-08,,Ropa,Zapatillas,738.84,3,2216.52,454.26,Online,PayPal,70
21812,2025-12-12,Sevilla,Deportes,Mancuernas,509.12,1,509.12,331.88,App,PayPal,82
21813,2025-10-15,Madrid,Deportes,Esterilla Yoga,341.28,2,682.56,199.81,Online,Efectivo,75
21814,2025-07-09,Barcelona,Ropa,Pantalón,555.63,5,2778.15,313.18,Online,Tarjeta,93
21815,2025-03-01,Valencia,Hogar,Lámpara,318.57,2,637.14,205.33,Tienda Física,Tarjeta,25
21816,2025-03-25,Sevilla,Electrónica,Smartphone,714.65,4,,342.47,Online,Tarjeta,51
21817,2025-05-19,Madrid,Electrónica,Tablet,521.22,4,2084.88,303.04,App,Efectivo,56
21818,2025-02-07,Valencia,Ropa,Zapatillas,521.62,5,,273.67,App,Efectivo,57
21819,2025-09-10,Zaragoza,Hogar,Cafetera,495.37,5,2476.85,201.88,Tienda Física,Efectivo,88
21820,2025-01-13,Valencia,Electrónica,Smartphone,360.19,4,1440.76,180.73,App,PayPal,62
21821,2025-06-01,Sevilla,Electrónica,Laptop,695.76,4,2783.04,327.43,Tienda Física,PayPal,44
21822,2025-11-24,Sevilla,Deportes,Mancuernas,394.77,2,789.54,265.78,Tienda Física,PayPal,94
21823,2025-12-04,Madrid,Hogar,Cafetera,772.44,5,3862.2,498.04,Tienda Física,PayPal,11
21824,2025-07-13,Valencia,Ropa,Zapatillas,723.99,2,1447.98,451.86,Online,Tarjeta,98
21825,2025-11-10,Málaga,Electrónica,Tablet,106.32,2,212.64,53.85,App,Tarjeta,12
21826,2025-01-10,Málaga,Hogar,Espejo,48.14,5,,22.68,App,Efectivo,61
21827,2025-08-16,Madrid,Deportes,Mancuernas,741.1,5,3705.5,404.42,Tienda Física,PayPal,68
21828,2025-01-18,Zaragoza,Electrónica,Smartphone,436.39,3,1309.17,280.06,Online,Tarjeta,19
21829,2025-03-05,Málaga,Deportes,Balón,280.05,1,280.05,146.79,App,PayPal,75
21830,2025-04-03,Zaragoza,Electrónica,Smartphone,510.35,3,1531.05,213.26,Tienda Física,PayPal,50
21831,2025-01-02,Zaragoza,Deportes,Balón,686.6,2,1373.2,372.82,Tienda Física,Efectivo,88
21832,2025-01-08,Sevilla,Ropa,Zapatillas,385.41,5,1927.05,155.98,Online,Tarjeta,25
21833,2025-07-10,Zaragoza,Ropa,Chaqueta,70.72,5,353.6,34.77,Online,Efectivo,87
21834,2025-07-25,Valencia,Ropa,Pantalón,444.69,3,1334.07,283.74,Online,Tarjeta,52
21835,2025-11-06,Zaragoza,Hogar,Lámpara,731.03,3,2193.09,399.74,Tienda Física,Efectivo,8
21836,2025-04-11,Barcelona,Deportes,Bicicleta,67.76,2,135.52,40.17,App,Efectivo,11
21837,2025-07-04,Sevilla,Deportes,Mancuernas,514.44,4,2057.76,341.46,Tienda Física,Efectivo,43
21838,2025-03-28,Sevilla,Ropa,Chaqueta,754.45,5,3772.25,507.99,Tienda Física,Efectivo,23
21839,2025-10-13,Málaga,Ropa,Camiseta,221.26,4,885.04,114.13,Online,Tarjeta,46
21840,2025-12-05,Valencia,Hogar,Silla Escritorio,408.25,3,,204.77,Tienda Física,PayPal,38
21841,2025-11-08,Málaga,Ropa,Zapatillas,630.07,3,1890.21,384.39,Online,Efectivo,89
21842,2025-02-20,Sevilla,Electrónica,Tablet,520.05,1,520.05,286.44,Tienda Física,Efectivo,62
21843,2025-07-15,Sevilla,Electrónica,Laptop,271.76,2,543.52,186.71,App,PayPal,36
21844,2025-12-31,Málaga,Hogar,Cafetera,35.57,1,35.57,18.35,Online,PayPal,23
21845,2025-06-04,Barcelona,Deportes,Esterilla Yoga,292.08,5,1460.4,177.23,App,Tarjeta,91
21846,2025-07-27,Málaga,Electrónica,Tablet,588.56,3,1765.68,406.94,App,PayPal,58
21847,2025-02-17,Sevilla,Electrónica,Smartphone,746.34,1,746.34,461.12,App,Efectivo,92
21848,2025-01-21,Zaragoza,Ropa,Chaqueta,105.74,4,422.96,42.57,Tienda Física,Efectivo,20
21849,2025-09-29,Sevilla,Ropa,Pantalón,114.12,5,570.6,48.91,Tienda Física,Tarjeta,30
21850,2025-07-09,Zaragoza,Hogar,Espejo,749.01,4,2996.04,469.29,Online,Tarjeta,41
21851,2025-03-24,Sevilla,Deportes,Mancuernas,384.62,2,769.24,244.29,Tienda Física,Tarjeta,17
21852,2025-12-10,Barcelona,Hogar,Espejo,509.92,3,1529.76,353.63,Tienda Física,Efectivo,6
21853,2025-10-18,Málaga,Ropa,Pantalón,467.4,1,467.4,237.4,Online,Tarjeta,63
21854,2025-05-23,Sevilla,Hogar,Cafetera,511.43,5,2557.15,315.03,App,PayPal,78
21855,2025-12-02,Zaragoza,Hogar,Lámpara,795.43,4,3181.72,367.8,Online,Efectivo,40
21856,2025-10-13,Zaragoza,Electrónica,Smartphone,399.11,1,399.11,271.22,Online,Tarjeta,98
21857,2025-09-15,Madrid,Hogar,Silla Escritorio,267.41,1,,116.11,Online,Efectivo,3
21858,2025-04-28,Zaragoza,Ropa,Camiseta,559.73,1,559.73,357.96,App,PayPal,17
21859,2025-12-09,Zaragoza,Deportes,Mancuernas,754.78,5,3773.9,406.62,App,PayPal,86
21860,2025-09-15,Sevilla,Electrónica,Smartphone,261.35,2,522.7,121.24,Online,Tarjeta,16
21861,2025-05-18,Madrid,Electrónica,Smartphone,305.63,5,1528.15,143.66,Online,Tarjeta,12
21862,2025-02-18,Barcelona,Ropa,Chaqueta,523.02,3,1569.06,254.68,Tienda Física,Tarjeta,66
21863,2025-01-03,Madrid,Ropa,Chaqueta,525.9,5,2629.5,328.14,Online,Efectivo,40
21864,2025-03-26,Barcelona,Ropa,Chaqueta,509.76,1,509.76,237.67,Online,Efectivo,86
21865,2025-08-16,Málaga,Deportes,Balón,277.81,3,,157.05,App,Tarjeta,50
21866,2025-08-14,Sevilla,Electrónica,Auriculares,537.62,1,537.62,291.39,Tienda Física,Efectivo,2
21867,2025-09-11,Zaragoza,Hogar,Lámpara,656.91,4,2627.64,385.77,Tienda Física,PayPal,74
21868,2025-05-15,Barcelona,Deportes,Mancuernas,226.42,5,1132.1,139.14,App,Tarjeta,21
21869,2025-08-23,Valencia,Hogar,Silla Escritorio,248.2,3,744.6,155.86,App,PayPal,32
21870,2025-08-15,Sevilla,Electrónica,Tablet,772.14,5,3860.7,472.06,Online,Tarjeta,58
21871,2025-02-15,Valencia,Electrónica,Smartphone,443.7,3,1331.1,287.46,Online,Tarjeta,96
21872,2025-08-20,Madrid,Electrónica,Tablet,122.34,2,244.68,70.15,Tienda Física,Tarjeta,44
21873,2025-07-09,Barcelona,Ropa,Camiseta,720.64,2,1441.28,348.08,Tienda Física,PayPal,26
21874,2025-12-20,Zaragoza,Ropa,Camiseta,386.16,2,772.32,206.26,Online,PayPal,26
21875,2025-08-18,Zaragoza,Deportes,Esterilla Yoga,771.27,1,771.27,483.24,Tienda Física,Tarjeta,92
21876,2025-11-30,Zaragoza,Hogar,Cafetera,506.17,5,2530.85,299.33,Tienda Física,PayPal,5
21877,2025-09-02,Madrid,Deportes,Esterilla Yoga,187.46,1,187.46,88.68,Online,Efectivo,95
21878,2025-03-01,Valencia,Ropa,Camiseta,203.93,3,611.79,112.49,Tienda Física,PayPal,18
21879,2025-12-31,Barcelona,Deportes,Balón,589.63,5,2948.15,365.3,Tienda Física,PayPal,52
21880,2025-01-23,Málaga,Electrónica,Smartphone,345.27,4,1381.08,167.93,App,PayPal,3
21881,2025-05-01,Barcelona,Deportes,Mancuernas,281.55,4,1126.2,152.91,Tienda Física,Efectivo,77
21882,2025-09-18,Sevilla,Ropa,Pantalón,732.99,3,2198.97,467.22,Tienda Física,Tarjeta,81
21883,2025-12-08,Barcelona,Hogar,Espejo,211.74,1,211.74,145.8,Online,PayPal,19
21884,2025-03-02,Madrid,Hogar,Espejo,353.56,4,1414.24,228.49,App,Tarjeta,8
21885,2025-01-09,Málaga,Deportes,Esterilla Yoga,663.87,2,1327.74,409.11,Tienda Física,Efectivo,56
21886,2025-06-09,Madrid,Ropa,Pantalón,417.61,1,417.61,253.33,Online,PayPal,55
21887,2025-05-11,Valencia,Hogar,Lámpara,668.6,4,2674.4,320.54,App,Tarjeta,63
21888,2025-05-29,Zaragoza,Hogar,Cafetera,273.76,3,821.28,135.98,App,Tarjeta,50
21889,2025-11-03,Madrid,Hogar,Cafetera,570.46,5,2852.3,354.64,App,PayPal,76
21890,2025-01-02,Valencia,Hogar,Lámpara,327.95,3,983.85,177.12,App,PayPal,89
21891,2025-08-15,Sevilla,Hogar,Cafetera,641.79,5,3208.95,383.55,Online,Tarjeta,49
21892,2025-01-28,Valencia,Ropa,Chaqueta,56.64,2,113.28,32.22,Online,PayPal,7
21893,2025-02-07,Madrid,Hogar,Espejo,453.09,3,1359.27,218.69,Tienda Física,Tarjeta,11
21894,2025-01-23,Barcelona,Deportes,Bicicleta,746.12,1,746.12,311.81,Online,Tarjeta,45
21895,2025-01-11,Málaga,Deportes,Bicicleta,596.25,5,2981.25,282.65,App,Tarjeta,41
21896,2025-10-26,Málaga,Deportes,Esterilla Yoga,348.9,1,348.9,151.46,Tienda Física,Efectivo,76
21897,2025-12-12,Málaga,Deportes,Esterilla Yoga,653.13,3,1959.39,441.48,App,PayPal,14
21898,2025-06-05,Valencia,Hogar,Espejo,656.4,5,3282.0,383.09,App,Tarjeta,96
21899,2025-04-12,Málaga,Ropa,Chaqueta,741.28,2,1482.56,370.07,App,Efectivo,47
21900,2025-03-23,Zaragoza,Ropa,Chaqueta,658.25,1,658.25,364.82,App,Tarjeta,97
21901,2025-08-05,Málaga,Deportes,Mancuernas,753.76,2,1507.52,328.91,Tienda Física,PayPal,55
21902,2025-06-04,Málaga,Hogar,Cafetera,705.81,1,705.81,480.6,App,PayPal,44
21903,2025-03-06,Valencia,Deportes,Mancuernas,111.8,5,559.0,51.4,Tienda Física,PayPal,62
21904,2025-01-29,Barcelona,Hogar,Cafetera,348.64,4,1394.56,204.86,App,Efectivo,61
21905,2025-11-25,Valencia,Deportes,Mancuernas,586.56,2,1173.12,341.71,Online,PayPal,7
21906,2025-05-28,Valencia,Electrónica,Auriculares,628.45,2,1256.9,312.33,Online,PayPal,72
21907,2025-04-02,Sevilla,Deportes,Mancuernas,97.18,4,388.72,62.45,Online,Tarjeta,30
21908,2025-12-31,Barcelona,Deportes,Mancuernas,523.77,1,523.77,240.0,Tienda Física,Tarjeta,39
21909,2025-12-19,Madrid,Hogar,Cafetera,485.24,2,970.48,204.41,Tienda Física,PayPal,67
21910,2025-12-01,Valencia,Ropa,Pantalón,417.7,4,1670.8,281.7,Tienda Física,Efectivo,97
21911,2025-01-07,Málaga,Ropa,Camiseta,118.81,5,594.05,77.48,App,PayPal,18
21912,2025-01-26,Sevilla,Hogar,Espejo,784.92,2,1569.84,533.33,Tienda Física,Efectivo,10
21913,2025-05-17,Valencia,Deportes,Balón,327.13,3,981.39,154.08,App,PayPal,29
21914,2025-12-31,Madrid,Ropa,Chaqueta,513.93,2,1027.86,326.62,Online,Tarjeta,77
21915,2025-09-19,Zaragoza,Ropa,Pantalón,716.33,3,2148.99,411.95,Tienda Física,Tarjeta,43
21916,2025-04-03,Málaga,Hogar,Lámpara,230.21,3,690.63,106.18,Tienda Física,Efectivo,53
21917,2025-08-01,Zaragoza,Electrónica,Laptop,559.6,3,1678.8,240.23,Online,Tarjeta,98
21918,2025-06-11,Madrid,Deportes,Balón,660.75,2,1321.5,360.7,App,Efectivo,13
21919,2025-03-25,Valencia,Electrónica,Auriculares,57.84,1,57.84,35.77,Online,Efectivo,32
21920,2025-07-14,Sevilla,Ropa,Camiseta,522.78,3,1568.34,266.88,Tienda Física,Tarjeta,33
21921,2025-11-06,Madrid,Hogar,Cafetera,438.59,2,877.18,201.85,Tienda Física,PayPal,43
21922,2025-01-21,Zaragoza,Electrónica,Laptop,725.7,5,3628.5,358.0,Tienda Física,PayPal,97
21923,2025-03-28,Málaga,Hogar,Silla Escritorio,592.47,1,592.47,335.15,Tienda Física,Tarjeta,49
21924,2025-09-11,Málaga,Deportes,Bicicleta,444.57,4,,304.58,App,Tarjeta,31
21925,2025-01-26,Valencia,Deportes,Mancuernas,523.93,1,523.93,257.72,App,Efectivo,64
21926,2025-08-22,Zaragoza,Hogar,Cafetera,452.42,1,452.42,294.43,App,PayPal,40
21927,2025-03-13,Valencia,Ropa,Chaqueta,682.81,3,2048.43,391.86,Online,Efectivo,43
21928,2025-11-17,Sevilla,Electrónica,Auriculares,668.35,2,1336.7,408.48,App,Efectivo,49
21929,2025-09-23,Barcelona,Ropa,Zapatillas,672.83,4,2691.32,419.2,Online,PayPal,4
21930,2025-04-26,Valencia,Deportes,Balón,419.92,4,1679.68,216.09,Tienda Física,PayPal,13
21931,2025-09-17,Málaga,Hogar,Espejo,126.63,1,126.63,77.81,Tienda Física,PayPal,25
21932,2025-05-22,Madrid,Electrónica,Smartphone,185.35,5,926.75,97.98,Tienda Física,Efectivo,97
21933,2025-06-18,Zaragoza,Hogar,Lámpara,131.84,5,659.2,60.29,Online,Tarjeta,12
21934,2025-03-28,Valencia,Ropa,Pantalón,266.01,1,266.01,148.42,Tienda Física,Tarjeta,11
21935,2025-06-30,Málaga,Deportes,Balón,70.88,5,354.4,31.15,Tienda Física,PayPal,23
21936,2025-05-30,Barcelona,Deportes,Bicicleta,95.23,1,95.23,38.86,Online,Tarjeta,66
21937,2025-01-09,Valencia,Electrónica,Laptop,52.0,4,208.0,24.42,Tienda Física,Efectivo,87
21938,2025-05-28,Valencia,Electrónica,Auriculares,89.69,1,89.69,52.42,Online,PayPal,48
21939,2025-04-25,Barcelona,Hogar,Espejo,604.85,5,3024.25,304.11,App,Efectivo,1
21940,2025-12-21,Barcelona,Ropa,Chaqueta,108.63,5,543.15,55.7,Tienda Física,PayPal,76
21941,2025-05-26,Zaragoza,Hogar,Cafetera,685.17,5,3425.85,328.17,App,Efectivo,64
21942,2025-09-26,Valencia,Electrónica,Auriculares,611.29,2,1222.58,354.16,App,Efectivo,33
21943,2025-02-19,Barcelona,Electrónica,Auriculares,476.43,4,1905.72,328.8,Tienda Física,PayPal,57
21944,2025-04-16,Zaragoza,Ropa,Chaqueta,775.27,4,3101.08,485.58,Online,Tarjeta,68
21945,2025-02-16,Valencia,Ropa,Chaqueta,498.89,2,997.78,298.34,Online,Tarjeta,51
21946,2025-05-11,Sevilla,Hogar,Silla Escritorio,531.91,5,2659.55,324.61,App,PayPal,15
21947,2025-08-21,Málaga,Electrónica,Laptop,254.53,3,763.59,147.87,Online,Tarjeta,3
21948,2025-11-14,Barcelona,Deportes,Bicicleta,174.18,5,870.9,97.2,Online,PayPal,98
21949,2025-09-25,Barcelona,Hogar,Cafetera,163.6,2,,90.84,Online,PayPal,81
21950,2025-12-23,Barcelona,Electrónica,Laptop,693.11,1,693.11,477.08,Online,Tarjeta,11
21951,2025-02-18,Barcelona,Ropa,Camiseta,117.49,4,469.96,47.5,Online,PayPal,53
21952,2025-12-31,Barcelona,Electrónica,Laptop,255.4,4,1021.6,132.15,App,Tarjeta,51
21953,2025-01-24,Madrid,Deportes,Bicicleta,513.82,5,2569.1,323.11,App,PayPal,52
21954,2025-05-24,Madrid,Deportes,Balón,223.92,4,895.68,137.64,Online,Efectivo,42
21955,2025-04-10,Barcelona,Deportes,Balón,351.92,5,1759.6,206.41,Online,Efectivo,20
21956,2025-02-10,Madrid,Hogar,Cafetera,682.82,1,682.82,323.8,Tienda Física,PayPal,65
21957,2025-07-04,Zaragoza,Ropa,Zapatillas,647.3,4,2589.2,442.24,Online,PayPal,78
21958,2025-02-11,Barcelona,Electrónica,Laptop,584.06,3,1752.18,273.48,Online,Efectivo,62
21959,2025-11-25,Sevilla,Hogar,Lámpara,541.36,2,1082.72,324.4,Online,Efectivo,59
21960,2025-02-01,Barcelona,Deportes,Balón,231.11,2,462.22,156.76,Online,PayPal,40
21961,2025-12-27,Barcelona,Electrónica,Tablet,763.74,4,3054.96,388.96,App,PayPal,9
21962,2025-10-18,Valencia,Deportes,Bicicleta,81.46,5,407.3,47.74,App,Tarjeta,86
21963,2025-10-22,Sevilla,Ropa,Camiseta,481.08,1,481.08,288.58,App,Tarjeta,36
21964,2025-04-14,Barcelona,Hogar,Lámpara,557.8,3,1673.4,386.12,Online,Tarjeta,5
21965,2025-03-03,Zaragoza,Hogar,Cafetera,401.88,1,401.88,166.29,App,PayPal,92
21966,2025-11-27,Valencia,Hogar,Espejo,525.62,2,1051.24,316.73,Tienda Física,Tarjeta,39
21967,2025-06-12,Zaragoza,Hogar,Cafetera,791.12,4,3164.48,445.34,Tienda Física,Tarjeta,6
21968,2025-11-11,Zaragoza,Deportes,Esterilla Yoga,224.01,4,896.04,99.77,App,Tarjeta,97
21969,2025-09-08,Sevilla,Electrónica,Auriculares,93.41,4,373.64,56.7,Online,PayPal,89
21970,2025-10-08,Zaragoza,Hogar,Cafetera,20.81,1,20.81,8.44,App,PayPal,50
21971,2025-12-03,,Hogar,Cafetera,277.05,5,1385.25,162.07,Online,Efectivo,78
21972,2025-07-11,Madrid,Electrónica,Tablet,617.09,5,3085.45,370.28,App,Efectivo,33
21973,2025-08-23,Sevilla,Hogar,Espejo,701.76,4,,328.26,Tienda Física,PayPal,5
21974,2025-07-08,Sevilla,Electrónica,Auriculares,561.28,2,1122.56,328.83,App,Efectivo,77
21975,2025-05-05,Barcelona,Electrónica,Smartphone,488.59,3,1465.77,225.69,App,Tarjeta,46
21976,2025-02-17,Zaragoza,Hogar,Cafetera,708.29,2,,296.02,App,Efectivo,82
21977,2025-04-29,Zaragoza,Ropa,Pantalón,679.55,2,,435.19,App,Efectivo,65
21978,2025-12-31,Zaragoza,Electrónica,Laptop,662.92,3,1988.76,336.65,Tienda Física,Tarjeta,30
21979,2025-02-17,Zaragoza,Ropa,Camiseta,791.5,1,791.5,389.72,Tienda Física,Efectivo,85
21980,2025-05-25,Madrid,Hogar,Silla Escritorio,250.75,1,250.75,120.81,Online,PayPal,57
21981,2025-01-01,Zaragoza,Hogar,Silla Escritorio,558.67,4,2234.68,293.13,App,PayPal,76
21982,2025-01-21,Sevilla,Ropa,Chaqueta,434.67,5,2173.35,283.9,App,PayPal,13
21983,2025-05-21,Zaragoza,Electrónica,Auriculares,22.13,5,110.65,9.31,App,Tarjeta,92
21984,2025-12-26,Barcelona,Deportes,Esterilla Yoga,247.74,3,743.22,155.42,Tienda Física,PayPal,3
21985,2025-08-16,Málaga,Electrónica,Laptop,673.97,2,1347.94,313.23,App,PayPal,62
21986,2025-07-12,Valencia,Deportes,Esterilla Yoga,375.04,2,750.08,163.04,App,Tarjeta,74
21987,2025-04-04,Zaragoza,Deportes,Mancuernas,436.27,2,872.54,253.12,Online,Efectivo,91
21988,2025-05-27,Madrid,Electrónica,Laptop,202.75,3,608.25,120.64,Online,Tarjeta,78
21989,2025-08-30,Zaragoza,Deportes,Mancuernas,608.8,5,3044.0,321.15,Tienda Física,Efectivo,97
21990,2025-12-31,Madrid,Hogar,Cafetera,64.54,4,258.16,44.8,Tienda Física,PayPal,71
21991,2025-09-23,Málaga,Hogar,Lámpara,84.21,5,421.05,42.92,Tienda Física,Tarjeta,52
21992,2025-05-24,Madrid,Deportes,Bicicleta,193.84,5,969.2,133.03,Tienda Física,Efectivo,95
21993,2025-12-27,Madrid,Hogar,Lámpara,339.26,4,1357.04,180.47,App,Efectivo,97
21994,2025-11-26,Madrid,Electrónica,Tablet,491.66,4,1966.64,295.74,App,Tarjeta,53
21995,2025-03-28,Valencia,Hogar,Espejo,203.69,4,814.76,119.17,Tienda Física,Tarjeta,25
21996,2025-02-28,Valencia,Electrónica,Tablet,473.92,2,947.84,312.21,Tienda Física,Efectivo,99
21997,2025-06-11,Zaragoza,Ropa,Zapatillas,584.27,5,2921.35,308.06,Online,PayPal,89
21998,2025-11-21,Madrid,Hogar,Silla Escritorio,708.05,4,2832.2,473.43,Online,Efectivo,79
21999,2025-10-09,Sevilla,Electrónica,Laptop,601.59,3,1804.77,275.3,Online,Efectivo,88
22000,2025-10-27,Barcelona,Deportes,Balón,649.1,5,3245.5,387.17,Online,PayPal,95
22001,2025-09-21,Málaga,Electrónica,Laptop,499.83,1,499.83,258.11,Tienda Física,Tarjeta,24
22002,2025-12-05,Zaragoza,Deportes,Esterilla Yoga,776.05,5,3880.25,325.74,App,Efectivo,9
22003,2025-11-18,Zaragoza,Ropa,Camiseta,186.98,1,186.98,77.79,Online,Efectivo,55
22004,2025-03-26,Málaga,Hogar,Silla Escritorio,280.68,4,1122.72,167.54,App,Efectivo,12
22005,2025-10-01,Madrid,Hogar,Cafetera,416.83,1,416.83,180.78,App,Efectivo,35
22006,2025-04-28,Málaga,Deportes,Mancuernas,506.51,2,1013.02,230.18,Tienda Física,Tarjeta,87
22007,2025-09-28,Madrid,Electrónica,Auriculares,374.47,2,748.94,174.61,App,Tarjeta,13
22008,2025-04-24,Sevilla,Hogar,Espejo,250.71,5,1253.55,115.71,Tienda Física,Efectivo,60
22009,2025-10-11,Zaragoza,Hogar,Lámpara,154.67,4,618.68,89.02,Tienda Física,Efectivo,79
22010,2025-12-31,Valencia,Hogar,Lámpara,729.36,3,2188.08,465.84,App,Tarjeta,1
22011,2025-12-31,Sevilla,Ropa,Pantalón,736.59,2,1473.18,330.83,Tienda Física,Tarjeta,10
22012,2025-01-21,Zaragoza,Ropa,Chaqueta,284.23,5,1421.15,180.71,App,Efectivo,5
22013,2025-07-08,Madrid,Deportes,Esterilla Yoga,310.05,5,1550.25,202.83,Tienda Física,PayPal,15
22014,2025-12-31,Valencia,Ropa,Camiseta,324.91,3,974.73,216.95,Online,PayPal,61
22015,2025-06-16,Málaga,Ropa,Zapatillas,378.02,4,1512.08,248.14,Tienda Física,PayPal,7
22016,2025-11-05,Sevilla,Hogar,Silla Escritorio,292.86,2,,169.79,App,Efectivo,64
22017,2025-06-02,Málaga,Deportes,Balón,246.58,3,739.74,120.66,App,Efectivo,16
22018,2025-07-05,Málaga,Electrónica,Auriculares,470.79,2,941.58,189.71,Tienda Física,Efectivo,45
22019,2025-03-10,Sevilla,Electrónica,Auriculares,192.78,1,192.78,108.24,Tienda Física,Tarjeta,47
22020,2025-02-18,Madrid,Ropa,Chaqueta,34.26,3,102.78,20.86,Online,Tarjeta,40
22021,2025-06-19,Barcelona,Ropa,Pantalón,668.53,2,1337.06,419.05,App,Tarjeta,24
22022,2025-06-16,Madrid,Ropa,Pantalón,514.17,3,1542.51,263.59,App,Efectivo,55
22023,2025-03-22,Málaga,Deportes,Bicicleta,744.92,2,1489.84,339.84,Online,Efectivo,23
22024,2025-09-30,Málaga,Electrónica,Laptop,53.44,1,53.44,22.84,Tienda Física,Tarjeta,53
22025,2025-03-16,Zaragoza,Deportes,Esterilla Yoga,570.2,1,570.2,303.27,Tienda Física,Tarjeta,18
22026,2025-02-05,Madrid,Electrónica,Laptop,232.61,4,930.44,110.91,Online,PayPal,1
22027,2025-08-24,Valencia,Electrónica,Laptop,151.67,2,303.34,85.7,Tienda Física,PayPal,4
22028,2025-05-18,Zaragoza,Electrónica,Laptop,765.91,4,3063.64,476.89,App,Tarjeta,20
22029,2025-02-22,Madrid,Electrónica,Tablet,25.76,5,128.8,16.86,App,Efectivo,88
22030,2025-08-25,Málaga,Hogar,Cafetera,718.51,3,,352.14,Online,Efectivo,28
22031,2025-09-16,Madrid,Electrónica,Smartphone,319.95,5,1599.75,191.89,Tienda Física,PayPal,67
22032,2025-01-11,Valencia,Hogar,Lámpara,87.74,4,350.96,55.2,Online,Efectivo,92
22033,2025-12-10,Sevilla,Deportes,Esterilla Yoga,195.36,4,781.44,80.52,App,Tarjeta,57
22034,2025-12-05,Barcelona,Ropa,Zapatillas,618.29,2,1236.58,324.97,Tienda Física,Efectivo,46
22035,2025-02-07,Zaragoza,Ropa,Pantalón,686.62,1,686.62,311.97,App,Tarjeta,37
22036,2025-03-23,Valencia,Deportes,Bicicleta,55.97,3,167.91,36.25,App,Efectivo,82
22037,2025-11-15,Zaragoza,Ropa,Zapatillas,164.77,3,494.31,87.85,Tienda Física,PayPal,4
22038,2025-07-09,Sevilla,Deportes,Balón,199.83,5,999.15,114.88,Tienda Física,PayPal,67
22039,2025-01-05,Madrid,Hogar,Espejo,354.06,2,708.12,228.82,Online,Tarjeta,1
22040,2025-03-06,Sevilla,Hogar,Espejo,469.57,2,939.14,229.96,Tienda Física,Efectivo,23
22041,2025-08-01,Sevilla,Electrónica,Auriculares,299.14,3,897.42,148.0,Online,Tarjeta,15
22042,2025-05-17,Sevilla,Electrónica,Smartphone,351.06,2,,189.63,Online,Efectivo,57
22043,2025-08-24,Valencia,Deportes,Mancuernas,17.5,2,35.0,7.88,Online,Efectivo,27
22044,2025-02-25,Barcelona,Electrónica,Tablet,350.05,3,1050.15,242.87,Tienda Física,Tarjeta,28
22045,2025-05-30,Zaragoza,Ropa,Camiseta,727.71,2,1455.42,291.16,App,Tarjeta,56
22046,2025-11-03,Barcelona,Deportes,Mancuernas,505.13,2,1010.26,310.96,App,Efectivo,100
22047,2025-01-19,Málaga,Electrónica,Tablet,539.2,3,1617.6,219.69,Online,Efectivo,81
22048,2025-04-02,Zaragoza,Deportes,Balón,15.54,2,31.08,7.96,Tienda Física,Tarjeta,71
22049,2025-01-25,Sevilla,Electrónica,Auriculares,189.32,1,189.32,123.02,Online,PayPal,20
22050,2025-07-23,Madrid,Ropa,Chaqueta,758.42,1,,384.82,Tienda Física,Tarjeta,69
22051,2025-04-03,Málaga,Deportes,Esterilla Yoga,398.63,4,1594.52,218.26,Online,Efectivo,77
22052,2025-09-12,Madrid,Electrónica,Tablet,135.51,1,135.51,85.13,Tienda Física,PayPal,62
22053,2025-11-03,Málaga,Deportes,Mancuernas,706.96,5,3534.8,456.98,Tienda Física,PayPal,76
22054,2025-06-25,Madrid,Electrónica,Tablet,165.37,2,330.74,113.31,App,Tarjeta,97
22055,2025-06-24,Valencia,Electrónica,Auriculares,629.02,3,1887.06,272.28,Tienda Física,PayPal,76
22056,2025-02-24,Valencia,Deportes,Mancuernas,741.16,1,741.16,342.18,Tienda Física,PayPal,12
22057,2025-01-01,Sevilla,Electrónica,Auriculares,438.29,3,1314.87,215.78,Tienda Física,Tarjeta,78
22058,2025-12-31,Madrid,Ropa,Pantalón,265.07,3,795.21,176.39,Tienda Física,PayPal,88
22059,2025-01-10,Sevilla,Hogar,Lámpara,64.92,1,64.92,30.42,App,Tarjeta,98
22060,2025-09-03,Valencia,Hogar,Cafetera,85.35,1,85.35,37.05,App,PayPal,37
22061,2025-01-02,Zaragoza,Electrónica,Smartphone,500.38,3,1501.14,252.65,Tienda Física,PayPal,56
22062,2025-11-08,Sevilla,Electrónica,Auriculares,129.19,2,258.38,78.94,App,Tarjeta,85
22063,2025-08-20,Zaragoza,Hogar,Silla Escritorio,137.32,4,549.28,70.15,Online,PayPal,44
22064,2025-08-04,Valencia,Ropa,Camiseta,684.35,5,3421.75,395.95,Online,PayPal,75
22065,2025-12-16,Málaga,Deportes,Mancuernas,649.97,3,1949.91,372.86,Online,Tarjeta,47
22066,2025-04-11,Málaga,Hogar,Cafetera,496.46,2,992.92,336.26,App,Tarjeta,27
22067,2025-06-13,Madrid,Hogar,Lámpara,281.9,4,1127.6,125.26,Online,Efectivo,32
22068,2025-11-14,,Hogar,Lámpara,180.27,1,180.27,108.7,App,Tarjeta,58
22069,2025-07-08,Madrid,Deportes,Esterilla Yoga,129.42,4,517.68,58.19,App,PayPal,47
22070,2025-10-11,Barcelona,Deportes,Esterilla Yoga,222.04,1,222.04,152.97,Tienda Física,PayPal,21
22071,2025-08-14,Zaragoza,Ropa,Camiseta,69.18,4,276.72,40.62,Tienda Física,Tarjeta,98
22072,2025-03-23,Madrid,Deportes,Bicicleta,90.35,4,361.4,53.06,Tienda Física,Tarjeta,79
22073,2025-01-26,Zaragoza,Deportes,Esterilla Yoga,161.76,4,647.04,65.83,Tienda Física,PayPal,46
22074,2025-04-18,Barcelona,Electrónica,Laptop,276.34,4,1105.36,153.7,Online,Efectivo,20
22075,2025-08-03,Zaragoza,Electrónica,Tablet,464.92,4,1859.68,247.45,App,Efectivo,60
22076,2025-06-12,Málaga,Hogar,Espejo,547.93,5,2739.65,266.42,App,Tarjeta,86
22077,2025-12-31,Valencia,Deportes,Balón,690.34,5,3451.7,409.39,Tienda Física,PayPal,34
22078,2025-06-27,Valencia,Deportes,Mancuernas,578.58,2,1157.16,368.78,App,Tarjeta,42
22079,2025-12-21,Barcelona,Hogar,Silla Escritorio,30.82,1,30.82,17.07,App,Tarjeta,66
22080,2025-08-04,Madrid,Hogar,Cafetera,727.77,3,2183.31,487.49,App,Efectivo,98
22081,2025-02-13,Barcelona,Ropa,Zapatillas,678.64,3,2035.92,309.64,Tienda Física,Tarjeta,22
22082,2025-03-07,Madrid,Ropa,Zapatillas,571.67,3,1715.01,385.37,App,PayPal,13
22083,2025-05-16,Barcelona,Electrónica,Smartphone,653.8,4,2615.2,338.97,Tienda Física,Tarjeta,4
22084,2025-01-28,Valencia,Deportes,Bicicleta,59.98,3,179.94,34.78,Tienda Física,PayPal,19
22085,2025-04-08,Madrid,Ropa,Camiseta,685.01,3,2055.03,347.8,App,PayPal,17
22086,2025-07-03,Barcelona,Ropa,Camiseta,564.49,5,2822.45,286.81,Tienda Física,PayPal,95
22087,2025-02-14,Barcelona,Ropa,Pantalón,669.79,5,,311.61,Tienda Física,PayPal,72
22088,2025-04-11,Valencia,Deportes,Bicicleta,666.0,1,666.0,386.99,Tienda Física,Tarjeta,49
22089,2025-11-16,Valencia,Ropa,Zapatillas,619.41,3,1858.23,272.09,Online,Efectivo,51
22090,2025-10-22,Zaragoza,Deportes,Esterilla Yoga,348.71,4,1394.84,143.59,Tienda Física,Tarjeta,15
22091,2025-07-18,Málaga,Ropa,Zapatillas,754.62,1,754.62,482.55,Tienda Física,PayPal,25
22092,2025-03-30,Málaga,Electrónica,Laptop,139.5,5,697.5,75.31,Online,PayPal,29
22093,2025-08-23,Zaragoza,Deportes,Esterilla Yoga,78.79,4,315.16,45.63,App,Tarjeta,95
22094,2025-12-31,Zaragoza,Ropa,Zapatillas,527.97,4,2111.88,223.59,Tienda Física,PayPal,84
22095,2025-01-26,Madrid,Deportes,Bicicleta,118.05,2,236.1,76.41,Online,Efectivo,58
22096,2025-05-13,Valencia,Ropa,Zapatillas,309.64,3,928.92,159.79,Online,Efectivo,12
22097,2025-09-28,Sevilla,Deportes,Balón,433.43,2,866.86,280.21,Online,Tarjeta,31
22098,2025-04-13,Sevilla,Hogar,Espejo,676.16,5,3380.8,450.89,Tienda Física,Tarjeta,74
22099,2025-07-09,Madrid,Deportes,Esterilla Yoga,216.39,1,216.39,138.4,App,Tarjeta,27
22100,2025-06-09,Zaragoza,Hogar,Silla Escritorio,68.59,4,,47.05,Tienda Física,PayPal,58
22101,2025-05-09,Madrid,Ropa,Camiseta,39.28,3,117.84,16.26,Tienda Física,Efectivo,40
22102,2025-07-30,Madrid,Ropa,Camiseta,651.3,2,1302.6,346.85,Tienda Física,Tarjeta,98
22103,2025-04-17,Sevilla,Electrónica,Tablet,192.46,4,769.84,121.45,App,Efectivo,65
22104,2025-07-04,Valencia,Hogar,Cafetera,791.38,2,1582.76,504.26,Tienda Física,PayPal,2
22105,2025-08-03,Valencia,Ropa,Chaqueta,208.03,1,208.03,126.21,App,Efectivo,99
22106,2025-07-29,Málaga,Hogar,Silla Escritorio,59.93,3,179.79,24.51,App,PayPal,20
22107,2025-08-25,Málaga,Electrónica,Tablet,527.98,2,1055.96,353.26,Online,Tarjeta,55
22108,2025-02-13,Barcelona,Deportes,Balón,541.85,2,1083.7,261.88,App,Efectivo,55
22109,2025-06-20,Sevilla,Hogar,Espejo,18.58,3,55.74,8.2,App,Efectivo,81
22110,2025-11-26,Barcelona,Deportes,Balón,344.12,4,1376.48,158.9,Online,PayPal,75
22111,2025-04-21,Sevilla,Ropa,Pantalón,702.3,5,3511.5,456.85,Tienda Física,Efectivo,95
22112,2025-02-11,Zaragoza,Electrónica,Laptop,40.87,5,204.35,19.18,Online,Efectivo,91
22113,2025-07-08,Zaragoza,Ropa,Camiseta,391.64,5,1958.2,197.27,App,Tarjeta,1
22114,2025-03-16,Sevilla,Deportes,Bicicleta,678.03,1,678.03,470.32,Tienda Física,PayPal,28
22115,2025-07-06,Zaragoza,Ropa,Pantalón,43.61,4,174.44,17.89,Online,Tarjeta,27
22116,2025-02-24,Valencia,Ropa,Zapatillas,796.5,1,796.5,408.59,App,Efectivo,51
22117,2025-12-31,Valencia,Deportes,Balón,692.01,2,1384.02,367.62,Online,Tarjeta,20
22118,2025-03-13,Málaga,Deportes,Esterilla Yoga,378.33,2,756.66,175.13,Tienda Física,Tarjeta,87
22119,2025-04-28,Sevilla,Deportes,Bicicleta,746.11,3,2238.33,475.09,App,Efectivo,32
22120,2025-06-25,Barcelona,Electrónica,Laptop,235.39,4,941.56,98.59,App,Efectivo,74
22121,2025-04-22,Valencia,Electrónica,Auriculares,256.14,5,1280.7,160.36,Online,PayPal,82
22122,2025-10-13,Sevilla,Ropa,Zapatillas,420.1,2,840.2,261.4,Online,PayPal,8
22123,2025-11-19,Zaragoza,Ropa,Chaqueta,278.35,4,1113.4,155.71,Tienda Física,Tarjeta,75
22124,2025-03-23,Madrid,Electrónica,Smartphone,464.48,1,464.48,300.5,Online,Efectivo,1
22125,2025-05-27,Málaga,Deportes,Mancuernas,560.37,1,560.37,327.5,Online,Tarjeta,98
22126,2025-03-11,Madrid,Ropa,Zapatillas,387.43,4,1549.72,196.14,Tienda Física,PayPal,56
22127,2025-01-14,Valencia,Ropa,Camiseta,210.77,1,210.77,103.59,App,Tarjeta,30
22128,2025-01-18,Madrid,Hogar,Cafetera,599.41,1,599.41,305.24,Tienda Física,Tarjeta,78
22129,2025-05-28,Madrid,Ropa,Pantalón,46.52,2,93.04,22.49,App,PayPal,64
22130,2025-09-09,Zaragoza,Electrónica,Auriculares,82.87,2,165.74,53.05,App,Efectivo,85
22131,2025-04-04,Valencia,Deportes,Mancuernas,288.64,2,,180.82,App,Tarjeta,82
22132,2025-05-22,Madrid,Hogar,Cafetera,50.86,1,50.86,28.1,Online,Tarjeta,67
22133,2025-07-30,Barcelona,Ropa,Chaqueta,795.36,1,795.36,450.15,App,Tarjeta,91
22134,2025-04-14,Barcelona,Deportes,Mancuernas,127.14,3,381.42,56.29,Online,Efectivo,98
22135,2025-07-02,Málaga,Ropa,Zapatillas,17.17,2,34.34,9.18,Online,Efectivo,87
22136,2025-07-22,Zaragoza,Hogar,Cafetera,645.93,3,1937.79,380.93,Online,Efectivo,21
22137,2025-08-08,Zaragoza,Deportes,Esterilla Yoga,739.46,1,739.46,499.75,App,PayPal,26
22138,2025-03-15,Madrid,Electrónica,Laptop,791.01,1,791.01,442.98,Tienda Física,Efectivo,11
22139,2025-01-04,Málaga,Ropa,Camiseta,454.82,1,454.82,302.38,Tienda Física,PayPal,30
22140,2025-11-03,Barcelona,Electrónica,Smartphone,362.34,2,724.68,234.75,App,Efectivo,54
22141,2025-12-02,Sevilla,Ropa,Chaqueta,498.72,3,1496.16,305.85,App,PayPal,91
22142,2025-08-17,Madrid,Deportes,Esterilla Yoga,402.2,4,1608.8,176.26,App,PayPal,68
22143,2025-10-07,Barcelona,Hogar,Lámpara,507.79,4,2031.16,353.29,Tienda Física,PayPal,90
22144,2025-05-19,Sevilla,Deportes,Bicicleta,522.25,2,1044.5,280.87,Online,Efectivo,41
22145,2025-12-13,Barcelona,Ropa,Pantalón,394.54,1,394.54,163.16,Online,PayPal,100
22146,2025-07-17,Zaragoza,Hogar,Cafetera,64.38,3,193.14,30.94,Online,Efectivo,35
22147,2025-04-27,Madrid,Deportes,Esterilla Yoga,190.9,5,954.5,114.08,Tienda Física,Efectivo,4
22148,2025-03-06,Málaga,Hogar,Espejo,652.95,2,1305.9,392.28,App,Efectivo,94
22149,2025-03-19,Madrid,Ropa,Zapatillas,631.69,1,631.69,339.31,Tienda Física,Tarjeta,10
22150,2025-04-04,Madrid,Hogar,Cafetera,685.95,4,2743.8,332.45,Tienda Física,PayPal,31
22151,2025-05-03,Zaragoza,Ropa,Chaqueta,550.2,4,2200.8,304.46,Online,Tarjeta,52
22152,2025-03-31,Zaragoza,Electrónica,Smartphone,487.66,3,1462.98,322.89,Online,PayPal,83
22153,2025-12-31,Barcelona,Hogar,Cafetera,582.14,1,582.14,321.03,Tienda Física,Tarjeta,60
22154,2025-03-16,Zaragoza,Ropa,Camiseta,533.85,1,533.85,335.75,App,Tarjeta,54
22155,2025-11-28,Madrid,Hogar,Espejo,276.89,3,830.67,148.25,Online,Efectivo,74
22156,2025-09-05,Barcelona,Deportes,Mancuernas,649.09,4,2596.36,285.42,App,Tarjeta,57
22157,2025-02-19,Madrid,Ropa,Zapatillas,677.24,1,677.24,275.55,App,PayPal,97
22158,2025-08-13,Valencia,Electrónica,Laptop,185.37,4,741.48,119.9,Online,Tarjeta,61
22159,2025-01-10,Madrid,Deportes,Bicicleta,641.17,3,1923.51,260.57,Tienda Física,PayPal,27
22160,2025-03-01,Zaragoza,Electrónica,Laptop,349.56,2,699.12,147.72,Tienda Física,PayPal,26
22161,2025-06-01,Málaga,Hogar,Silla Escritorio,203.91,4,815.64,120.0,Tienda Física,Efectivo,35
22162,2025-06-18,Málaga,Ropa,Camiseta,760.57,3,2281.71,480.53,Online,Tarjeta,32
22163,2025-06-04,Sevilla,Deportes,Balón,449.63,4,1798.52,266.05,App,PayPal,26
22164,2025-03-18,Madrid,Hogar,Silla Escritorio,579.81,5,2899.05,331.83,Tienda Física,PayPal,14
22165,2025-05-25,Zaragoza,Ropa,Pantalón,551.43,1,551.43,221.47,Online,Tarjeta,47
22166,2025-10-16,Sevilla,Deportes,Mancuernas,198.17,2,396.34,131.95,Online,Efectivo,33
22167,2025-02-04,Barcelona,Electrónica,Smartphone,739.81,2,1479.62,413.48,Tienda Física,Tarjeta,42
22168,2025-12-12,Zaragoza,Electrónica,Laptop,529.97,3,1589.91,215.74,Tienda Física,PayPal,22
22169,2025-09-08,Valencia,Ropa,Zapatillas,584.94,3,1754.82,264.42,App,PayPal,32
22170,2025-12-31,Madrid,Deportes,Esterilla Yoga,132.03,4,528.12,84.99,Tienda Física,Efectivo,51
22171,2025-03-03,Barcelona,Hogar,Silla Escritorio,321.35,3,964.05,217.57,App,Efectivo,90
22172,2025-01-24,Madrid,Ropa,Pantalón,395.26,5,1976.3,270.33,App,PayPal,26
22173,2025-08-11,Barcelona,Deportes,Mancuernas,229.63,5,1148.15,137.89,App,Tarjeta,16
22174,2025-09-28,Málaga,Electrónica,Laptop,390.29,2,780.58,265.23,Online,PayPal,29
22175,2025-04-22,Sevilla,Electrónica,Smartphone,260.45,2,520.9,144.63,App,Efectivo,23
22176,2025-05-08,Barcelona,Ropa,Pantalón,251.62,1,251.62,142.48,App,PayPal,58
22177,2025-10-31,Valencia,Deportes,Esterilla Yoga,100.41,4,401.64,64.35,App,PayPal,47
22178,2025-12-19,Sevilla,Hogar,Silla Escritorio,215.55,3,646.65,103.2,Tienda Física,Tarjeta,99
22179,2025-03-27,Málaga,Electrónica,Laptop,763.13,2,1526.26,429.31,Tienda Física,Tarjeta,40
22180,2025-05-01,Málaga,Electrónica,Auriculares,133.89,2,267.78,63.83,Online,Tarjeta,28
22181,2025-05-06,Málaga,Electrónica,Tablet,679.34,4,2717.36,303.11,Online,PayPal,85
22182,2025-03-07,Valencia,Deportes,Bicicleta,113.33,1,113.33,47.39,Tienda Física,PayPal,90
22183,2025-07-02,Barcelona,Electrónica,Auriculares,358.16,4,1432.64,160.59,Online,PayPal,14
22184,2025-07-16,Barcelona,Ropa,Camiseta,490.21,4,1960.84,310.08,Tienda Física,Efectivo,8
22185,2025-03-07,Zaragoza,Ropa,Camiseta,31.2,1,31.2,12.5,Tienda Física,PayPal,50
22186,2025-04-02,Barcelona,Ropa,Zapatillas,90.84,5,454.2,41.94,Tienda Física,Tarjeta,56
22187,2025-11-26,Barcelona,Electrónica,Smartphone,59.03,4,236.12,30.69,Tienda Física,Efectivo,1
22188,2025-02-04,Zaragoza,Deportes,Esterilla Yoga,318.89,3,956.67,175.41,Online,PayPal,71
22189,2025-08-01,Sevilla,Deportes,Balón,690.43,1,690.43,444.56,Tienda Física,PayPal,51
22190,2025-09-16,Madrid,Hogar,Cafetera,531.53,1,531.53,319.89,App,PayPal,98
22191,2025-11-20,Valencia,Electrónica,Laptop,363.87,1,,242.69,Online,PayPal,46
22192,2025-09-02,Sevilla,Deportes,Mancuernas,413.18,3,,175.13,Tienda Física,Efectivo,2
22193,2025-11-27,Zaragoza,Electrónica,Laptop,571.01,2,1142.02,368.53,Online,Tarjeta,28
22194,2025-09-15,Valencia,Deportes,Mancuernas,769.14,3,2307.42,537.37,Tienda Física,Efectivo,75
22195,2025-05-21,Madrid,Deportes,Bicicleta,70.28,4,281.12,30.62,App,PayPal,36
22196,2025-10-17,Sevilla,Ropa,Zapatillas,29.56,2,59.12,14.47,Online,Efectivo,24
22197,2025-01-21,Madrid,Electrónica,Auriculares,222.86,4,891.44,146.2,Online,Tarjeta,9
22198,2025-05-15,Zaragoza,Hogar,Espejo,603.71,4,2414.84,249.08,App,Tarjeta,40
22199,2025-07-14,Zaragoza,Deportes,Esterilla Yoga,184.44,1,184.44,119.44,App,Tarjeta,28
22200,2025-12-17,Barcelona,Electrónica,Tablet,117.57,4,470.28,47.63,Online,Tarjeta,29
22201,2025-06-18,Sevilla,Hogar,Silla Escritorio,456.08,4,1824.32,278.18,Tienda Física,Efectivo,86
22202,2025-03-01,Valencia,Deportes,Balón,519.63,3,1558.89,303.44,App,Tarjeta,47
22203,2025-04-18,Málaga,Hogar,Lámpara,386.4,2,772.8,215.12,Online,Tarjeta,67
22204,2025-04-03,Málaga,Hogar,Lámpara,256.9,1,256.9,117.37,Tienda Física,PayPal,18
22205,2025-10-27,Madrid,Hogar,Espejo,709.58,1,709.58,319.25,Online,Tarjeta,3
22206,2025-04-23,Sevilla,Electrónica,Auriculares,614.84,1,614.84,261.14,Tienda Física,Efectivo,5
22207,2025-08-20,Madrid,Deportes,Balón,510.07,5,2550.35,206.38,Tienda Física,PayPal,44
22208,2025-10-31,Sevilla,Ropa,Chaqueta,593.2,1,593.2,393.23,App,PayPal,53
22209,2025-09-23,Madrid,Deportes,Esterilla Yoga,567.79,1,,339.73,Online,PayPal,49
22210,2025-10-06,Málaga,Hogar,Cafetera,107.41,4,429.64,54.71,Online,Tarjeta,46
22211,2025-04-09,Zaragoza,Electrónica,Tablet,722.46,5,3612.3,348.35,Tienda Física,PayPal,41
22212,2025-04-08,Zaragoza,Electrónica,Laptop,29.32,2,,18.2,App,Tarjeta,15
22213,2025-10-16,Valencia,Electrónica,Smartphone,47.6,3,142.8,19.43,App,PayPal,58
22214,2025-10-06,Valencia,Ropa,Zapatillas,592.45,3,1777.35,355.7,Tienda Física,Tarjeta,90
22215,2025-10-09,Valencia,Hogar,Cafetera,144.25,2,288.5,80.36,App,PayPal,67
22216,2025-01-28,Barcelona,Electrónica,Smartphone,559.86,4,2239.44,360.4,Tienda Física,Efectivo,28
22217,2025-12-23,Barcelona,Ropa,Chaqueta,255.97,4,1023.88,128.99,Online,Efectivo,19
22218,2025-02-08,Sevilla,Hogar,Cafetera,562.09,3,1686.27,248.68,Online,Tarjeta,73
22219,2025-11-24,Madrid,Electrónica,Smartphone,491.45,4,1965.8,324.78,Online,Efectivo,23
22220,2025-04-30,Zaragoza,Hogar,Silla Escritorio,212.65,5,1063.25,117.4,App,PayPal,38
22221,2025-02-03,Madrid,Electrónica,Smartphone,565.91,3,1697.73,313.23,Online,PayPal,70
22222,2025-07-31,Valencia,Deportes,Bicicleta,568.36,4,2273.44,353.11,App,PayPal,72
22223,2025-03-13,Valencia,Electrónica,Laptop,307.32,3,921.96,131.43,App,PayPal,5
22224,2025-05-04,Zaragoza,Hogar,Espejo,753.35,1,753.35,414.84,Tienda Física,Efectivo,35
22225,2025-02-24,Valencia,Deportes,Bicicleta,328.11,1,328.11,218.31,Online,PayPal,68
22226,2025-07-19,Valencia,Deportes,Bicicleta,617.19,1,617.19,301.92,Tienda Física,Tarjeta,96
22227,2025-08-31,Zaragoza,Deportes,Esterilla Yoga,792.8,4,3171.2,344.9,App,Efectivo,100
22228,2025-08-11,Málaga,Electrónica,Auriculares,459.48,3,1378.44,321.47,Online,Efectivo,46
22229,2025-04-02,Madrid,Hogar,Cafetera,544.17,5,2720.85,327.75,App,Efectivo,35
22230,2025-12-14,Sevilla,Ropa,Camiseta,491.3,1,491.3,268.92,Tienda Física,Tarjeta,22
22231,2025-04-20,Barcelona,Hogar,Lámpara,676.05,3,2028.15,394.97,App,Efectivo,39
22232,2025-12-05,Valencia,Electrónica,Laptop,583.8,1,583.8,401.07,App,Efectivo,22
22233,2025-01-12,Málaga,Deportes,Bicicleta,392.96,1,392.96,237.03,App,PayPal,93
22234,2025-06-06,Sevilla,Hogar,Cafetera,343.77,1,343.77,213.55,Tienda Física,Efectivo,53
22235,2025-07-17,Barcelona,Deportes,Esterilla Yoga,512.18,3,1536.54,209.54,Tienda Física,Tarjeta,48
22236,2025-01-12,Zaragoza,Hogar,Lámpara,651.84,1,651.84,380.85,Tienda Física,Efectivo,3
22237,2025-11-19,Sevilla,Hogar,Silla Escritorio,789.04,2,1578.08,448.09,App,PayPal,35
22238,2025-03-04,Zaragoza,Hogar,Silla Escritorio,501.56,3,1504.68,348.48,App,Efectivo,96
22239,2025-02-12,Barcelona,Electrónica,Auriculares,361.33,4,1445.32,184.82,App,Efectivo,88
22240,2025-10-27,Barcelona,Electrónica,Laptop,533.3,3,1599.9,277.6,Tienda Física,PayPal,96
22241,2025-09-27,Sevilla,Deportes,Esterilla Yoga,555.76,4,2223.04,238.04,App,Efectivo,57
22242,2025-08-31,Madrid,Ropa,Camiseta,699.51,4,2798.04,279.83,Online,Tarjeta,51
22243,2025-09-23,Barcelona,Deportes,Esterilla Yoga,34.96,4,139.84,15.24,Online,Tarjeta,56
22244,2025-02-09,Zaragoza,Deportes,Balón,620.1,1,620.1,255.88,Online,Tarjeta,12
22245,2025-09-01,Valencia,Deportes,Esterilla Yoga,113.27,2,226.54,66.01,App,Efectivo,14
22246,2025-11-19,Barcelona,Electrónica,Auriculares,753.05,1,753.05,390.31,Tienda Física,Tarjeta,45
22247,2025-08-07,Málaga,Ropa,Zapatillas,30.06,1,30.06,20.53,Tienda Física,PayPal,56
22248,2025-04-23,Sevilla,Deportes,Balón,726.76,5,3633.8,324.77,Tienda Física,PayPal,51
22249,2025-12-05,Madrid,Ropa,Chaqueta,292.43,4,1169.72,122.84,Online,PayPal,78
22250,2025-11-26,Zaragoza,Electrónica,Laptop,634.39,5,3171.95,305.53,Tienda Física,PayPal,7
22251,2025-03-26,Málaga,Ropa,Chaqueta,190.28,3,570.84,92.75,Online,PayPal,48
22252,2025-04-02,Valencia,Ropa,Camiseta,401.12,1,401.12,178.48,App,PayPal,98
22253,2025-04-05,Valencia,Hogar,Espejo,134.63,4,538.52,77.21,App,PayPal,5
22254,2025-04-16,Madrid,Deportes,Esterilla Yoga,358.3,3,1074.9,205.2,Tienda Física,Tarjeta,1
22255,2025-02-23,Valencia,Hogar,Espejo,579.97,4,2319.88,339.67,Tienda Física,Efectivo,88
22256,2025-07-10,Madrid,Hogar,Espejo,97.39,5,486.95,53.38,App,Tarjeta,19
22257,2025-07-23,Sevilla,Electrónica,Smartphone,177.42,5,887.1,84.51,App,PayPal,68
22258,2025-02-09,Barcelona,Hogar,Lámpara,67.29,3,201.87,32.99,App,PayPal,23
22259,2025-10-22,Málaga,Deportes,Mancuernas,399.46,2,798.92,277.13,Tienda Física,Efectivo,55
22260,2025-02-04,Zaragoza,Hogar,Espejo,607.52,1,607.52,291.01,App,PayPal,92
22261,2025-11-20,Zaragoza,Electrónica,Auriculares,117.48,1,117.48,51.81,App,Tarjeta,72
22262,2025-04-30,Sevilla,Ropa,Zapatillas,237.13,5,1185.65,120.39,App,Efectivo,98
22263,2025-11-18,Madrid,Electrónica,Auriculares,98.48,3,295.44,40.99,Tienda Física,PayPal,75
22264,2025-09-10,Valencia,Deportes,Esterilla Yoga,118.55,3,355.65,72.1,App,PayPal,36
22265,2025-02-10,Málaga,Electrónica,Tablet,222.88,2,445.76,123.81,Online,Efectivo,62
22266,2025-09-03,Sevilla,Ropa,Chaqueta,564.19,2,1128.38,385.59,Tienda Física,Tarjeta,76
22267,2025-11-10,Málaga,Hogar,Silla Escritorio,274.46,2,548.92,118.89,Tienda Física,PayPal,69
22268,2025-12-05,Madrid,Ropa,Camiseta,600.26,1,600.26,302.95,Tienda Física,PayPal,11
22269,2025-08-26,Zaragoza,Deportes,Mancuernas,707.61,4,2830.44,313.77,Tienda Física,PayPal,62
22270,2025-01-08,Zaragoza,Hogar,Silla Escritorio,364.91,1,364.91,225.59,Tienda Física,Efectivo,96
22271,2025-06-28,Sevilla,Deportes,Balón,661.03,2,,275.15,Tienda Física,PayPal,24
22272,2025-03-19,Sevilla,Deportes,Esterilla Yoga,444.17,2,888.34,255.22,App,Tarjeta,90
22273,2025-02-10,Madrid,Electrónica,Laptop,490.69,4,1962.76,230.33,Tienda Física,PayPal,93
22274,2025-01-07,Málaga,Electrónica,Laptop,96.63,4,386.52,57.05,Tienda Física,PayPal,72
22275,2025-12-21,Barcelona,Deportes,Balón,339.57,3,1018.71,197.16,Tienda Física,Efectivo,1
22276,2025-08-16,Málaga,Hogar,Lámpara,85.04,2,170.08,57.47,Online,Tarjeta,26
22277,2025-06-24,Barcelona,Deportes,Mancuernas,321.03,5,1605.15,208.57,Tienda Física,PayPal,63
22278,2025-12-05,Sevilla,Hogar,Lámpara,168.74,5,843.7,81.01,App,Efectivo,26
22279,2025-05-02,Zaragoza,Ropa,Zapatillas,173.47,4,693.88,69.41,Tienda Física,PayPal,99
22280,2025-09-30,Málaga,Ropa,Camiseta,156.86,2,313.72,74.08,Tienda Física,Efectivo,92
22281,2025-02-26,Zaragoza,Ropa,Pantalón,479.43,5,,283.61,Tienda Física,Efectivo,74
22282,2025-11-06,Málaga,Electrónica,Smartphone,484.34,3,,248.94,Tienda Física,Tarjeta,51
22283,2025-01-20,Zaragoza,Electrónica,Laptop,786.13,2,1572.26,451.94,App,PayPal,49
22284,2025-05-25,Sevilla,Electrónica,Tablet,126.31,5,631.55,52.02,Online,PayPal,100
22285,2025-05-18,Valencia,Deportes,Balón,562.48,1,562.48,366.14,Online,Tarjeta,82
22286,2025-02-02,Zaragoza,Hogar,Lámpara,317.36,5,1586.8,181.82,Online,Tarjeta,62
22287,2025-01-13,Zaragoza,Hogar,Cafetera,126.21,2,252.42,69.26,Online,PayPal,43
22288,2025-02-24,Málaga,Hogar,Lámpara,31.31,3,93.93,20.48,App,Efectivo,24
22289,2025-08-22,Valencia,Electrónica,Tablet,795.37,2,1590.74,429.98,Tienda Física,Tarjeta,15
22290,2025-07-11,Barcelona,Deportes,Esterilla Yoga,781.06,3,2343.18,461.79,Online,PayPal,50
22291,2025-09-17,Zaragoza,Deportes,Balón,72.91,2,145.82,45.78,Online,Tarjeta,72
22292,2025-08-26,Valencia,Ropa,Pantalón,258.83,4,1035.32,127.2,Online,PayPal,53
22293,2025-01-16,Sevilla,Ropa,Pantalón,731.41,5,3657.05,411.54,Online,Efectivo,15
22294,2025-03-29,Madrid,Electrónica,Tablet,689.32,3,2067.96,339.24,Online,Tarjeta,92
22295,2025-05-29,Valencia,Electrónica,Tablet,450.62,3,1351.86,226.86,Online,PayPal,33
22296,2025-04-28,Madrid,Hogar,Silla Escritorio,580.18,5,2900.9,384.01,Online,PayPal,98
22297,2025-10-10,Málaga,Ropa,Zapatillas,131.33,3,393.99,63.62,Online,PayPal,77
22298,2025-03-04,Málaga,Electrónica,Laptop,196.79,4,787.16,120.16,Tienda Física,Tarjeta,41
22299,2025-10-01,Barcelona,Electrónica,Laptop,39.2,5,196.0,26.29,Online,Efectivo,55
22300,2025-07-09,Valencia,Electrónica,Laptop,34.35,3,103.05,15.98,Online,PayPal,69
22301,2025-05-26,Madrid,Deportes,Mancuernas,398.89,4,1595.56,240.22,App,PayPal,80
22302,2025-07-01,Valencia,Hogar,Lámpara,53.25,1,53.25,29.42,App,Tarjeta,35
22303,2025-09-03,Sevilla,Electrónica,Tablet,141.75,2,283.5,63.64,App,Efectivo,82
22304,2025-08-05,Sevilla,Deportes,Mancuernas,791.05,1,791.05,411.14,App,PayPal,16
22305,2025-05-09,Barcelona,Deportes,Bicicleta,217.65,1,217.65,138.43,Tienda Física,PayPal,94
22306,2025-08-07,Madrid,Electrónica,Auriculares,145.29,3,435.87,64.57,App,PayPal,81
22307,2025-09-03,Madrid,Electrónica,Laptop,46.66,5,233.3,32.29,Tienda Física,Efectivo,97
22308,2025-11-07,Zaragoza,Hogar,Silla Escritorio,351.91,2,703.82,200.92,Tienda Física,PayPal,38
22309,2025-08-21,Madrid,Ropa,Pantalón,669.66,3,2008.98,401.85,App,Efectivo,7
22310,2025-08-24,Valencia,Ropa,Zapatillas,483.57,5,2417.85,334.43,Online,PayPal,85
22311,2025-03-03,Barcelona,Ropa,Zapatillas,577.12,5,2885.6,301.75,Online,Efectivo,98
22312,2025-08-16,Zaragoza,Ropa,Chaqueta,672.89,5,3364.45,400.5,Tienda Física,Efectivo,87
22313,2025-12-22,Valencia,Deportes,Mancuernas,404.98,2,809.96,168.32,Online,Efectivo,31
22314,2025-12-19,Valencia,Hogar,Lámpara,355.05,5,1775.25,204.43,Online,Efectivo,6
22315,2025-11-12,,Deportes,Esterilla Yoga,598.41,2,1196.82,350.09,Online,PayPal,94
22316,2025-11-17,Madrid,Deportes,Balón,165.2,2,330.4,102.47,Online,Tarjeta,39
22317,2025-02-02,Barcelona,Ropa,Zapatillas,59.52,5,297.6,33.0,Online,PayPal,21
22318,2025-10-16,Zaragoza,Deportes,Balón,137.94,2,275.88,57.19,Tienda Física,Tarjeta,90
22319,2025-11-30,Valencia,Deportes,Esterilla Yoga,195.99,3,587.97,134.23,Tienda Física,PayPal,85
22320,2025-01-27,Zaragoza,Hogar,Espejo,319.6,5,1598.0,201.51,App,PayPal,84
22321,2025-08-18,Madrid,Hogar,Silla Escritorio,369.99,2,739.98,158.58,Online,PayPal,62
22322,2025-01-26,Málaga,Hogar,Lámpara,418.28,5,2091.4,246.69,Tienda Física,Efectivo,66
22323,2025-04-10,Barcelona,Hogar,Silla Escritorio,318.89,3,956.67,131.05,Tienda Física,Efectivo,7
22324,2025-06-06,Valencia,Ropa,Zapatillas,65.18,3,195.54,43.85,App,PayPal,71
22325,2025-12-31,Madrid,Deportes,Balón,334.46,4,1337.84,219.55,App,Efectivo,82
22326,2025-10-07,Valencia,Electrónica,Auriculares,499.52,3,1498.56,329.27,App,Efectivo,43
22327,2025-08-16,Málaga,Deportes,Esterilla Yoga,607.54,1,607.54,305.51,Online,Efectivo,18
22328,2025-06-29,Sevilla,Deportes,Mancuernas,612.85,3,1838.55,360.41,Tienda Física,PayPal,51
22329,2025-12-18,Sevilla,Hogar,Cafetera,117.48,2,234.96,50.87,Tienda Física,Tarjeta,33
22330,2025-02-20,Sevilla,Deportes,Mancuernas,771.81,3,2315.43,502.27,Online,Efectivo,96
22331,2025-02-25,Madrid,Electrónica,Laptop,604.18,1,604.18,287.46,Online,Efectivo,37
22332,2025-10-21,Málaga,Deportes,Mancuernas,591.68,2,,272.26,App,PayPal,32
22333,2025-12-08,Sevilla,Hogar,Silla Escritorio,171.21,4,684.84,75.27,Tienda Física,Tarjeta,63
22334,2025-10-25,Sevilla,Hogar,Cafetera,497.04,2,994.08,208.53,Tienda Física,Efectivo,88
22335,2025-02-23,Málaga,Hogar,Silla Escritorio,74.54,1,,47.14,Online,PayPal,56
22336,2025-08-15,Madrid,Electrónica,Tablet,150.1,2,300.2,68.37,App,Efectivo,51
22337,2025-03-15,Málaga,Hogar,Silla Escritorio,103.25,4,413.0,45.84,Online,Tarjeta,41
22338,2025-03-10,Valencia,Deportes,Mancuernas,427.74,3,1283.22,178.02,App,Efectivo,26
22339,2025-03-24,Sevilla,Electrónica,Tablet,243.97,4,975.88,153.04,App,Tarjeta,53
22340,2025-04-29,Valencia,Deportes,Bicicleta,715.71,1,715.71,347.52,Tienda Física,PayPal,100
22341,2025-12-10,Málaga,Ropa,Camiseta,247.68,2,495.36,159.59,App,Tarjeta,59
22342,2025-04-23,Zaragoza,Electrónica,Tablet,253.76,3,761.28,147.09,Tienda Física,Tarjeta,5
22343,2025-08-11,Madrid,Ropa,Chaqueta,162.54,5,812.7,113.26,App,Tarjeta,83
22344,2025-02-26,Málaga,Deportes,Bicicleta,778.12,2,1556.24,321.62,Online,Efectivo,97
22345,2025-06-22,Zaragoza,Electrónica,Laptop,207.83,3,623.49,141.76,App,Tarjeta,71
22346,2025-12-31,Valencia,Electrónica,Smartphone,662.95,2,1325.9,413.64,Tienda Física,Efectivo,3
22347,2025-05-10,Málaga,Ropa,Zapatillas,89.85,5,449.25,42.78,App,Tarjeta,69
22348,2025-01-28,Valencia,Electrónica,Laptop,514.69,4,2058.76,322.34,Online,Efectivo,61
22349,2025-08-31,Valencia,Hogar,Espejo,331.1,2,662.2,201.85,Online,Tarjeta,21
22350,2025-01-24,Málaga,Deportes,Mancuernas,546.31,5,2731.55,370.09,Tienda Física,Efectivo,16
22351,2025-03-08,Málaga,Hogar,Lámpara,182.14,5,910.7,116.96,Tienda Física,PayPal,72
22352,2025-01-11,Madrid,Ropa,Chaqueta,34.91,4,139.64,16.03,Tienda Física,PayPal,99
22353,2025-08-17,Barcelona,Electrónica,Tablet,682.56,5,3412.8,322.92,Tienda Física,PayPal,44
22354,2025-03-08,Barcelona,Hogar,Lámpara,789.14,3,2367.42,381.36,Online,Efectivo,91
22355,2025-03-29,Málaga,Deportes,Bicicleta,124.79,3,374.37,57.04,App,PayPal,24
22356,2025-01-14,Málaga,Deportes,Balón,210.2,3,,96.54,Online,Tarjeta,75
22357,2025-11-22,Málaga,Hogar,Espejo,673.2,1,673.2,310.51,Online,PayPal,22
22358,2025-07-22,Valencia,Electrónica,Smartphone,418.16,5,2090.8,218.51,Online,Efectivo,75
22359,2025-03-26,Málaga,Hogar,Cafetera,506.11,2,1012.22,329.0,Online,Tarjeta,69
22360,2025-06-09,Madrid,Ropa,Pantalón,74.32,2,148.64,44.48,Online,Efectivo,49
22361,2025-12-31,Sevilla,Ropa,Chaqueta,248.53,5,1242.65,110.51,Online,Tarjeta,2
22362,2025-10-19,Sevilla,Electrónica,Auriculares,543.68,5,2718.4,280.84,App,Efectivo,82
22363,2025-09-12,Sevilla,Hogar,Lámpara,272.25,4,1089.0,186.88,Tienda Física,Tarjeta,75
22364,2025-12-12,Madrid,Electrónica,Tablet,627.96,3,1883.88,291.75,Online,PayPal,1
22365,2025-12-31,,Deportes,Esterilla Yoga,437.8,5,2189.0,270.41,Online,Efectivo,8
22366,2025-09-29,Valencia,Deportes,Esterilla Yoga,492.69,5,2463.45,299.31,Online,Tarjeta,41
22367,2025-05-24,Málaga,Deportes,Mancuernas,380.24,3,1140.72,197.04,Online,Tarjeta,51
22368,2025-12-20,Barcelona,Ropa,Camiseta,207.71,4,830.84,111.11,App,Tarjeta,61
22369,2025-03-05,Valencia,Electrónica,Tablet,316.28,4,1265.12,137.25,Tienda Física,Tarjeta,31
22370,2025-09-10,Sevilla,Ropa,Chaqueta,345.4,4,1381.6,210.43,Online,PayPal,97
22371,2025-04-04,Valencia,Ropa,Camiseta,48.24,4,192.96,22.31,Tienda Física,Efectivo,99
22372,2025-03-25,Zaragoza,Hogar,Cafetera,563.95,2,1127.9,346.3,Online,Tarjeta,34
22373,2025-10-10,Valencia,Hogar,Silla Escritorio,454.99,5,2274.95,290.9,Online,Efectivo,48
22374,2025-01-14,Madrid,Hogar,Espejo,230.06,2,460.12,131.68,App,Tarjeta,44
22375,2025-01-05,Barcelona,Ropa,Camiseta,419.74,2,839.48,243.7,App,Tarjeta,14
22376,2025-06-05,Málaga,Ropa,Pantalón,667.22,4,2668.88,279.93,Online,PayPal,21
22377,2025-10-02,Sevilla,Ropa,Zapatillas,484.22,2,968.44,303.78,Online,Tarjeta,44
22378,2025-09-21,Madrid,Ropa,Camiseta,532.38,3,1597.14,257.18,Tienda Física,Tarjeta,46
22379,2025-04-10,Sevilla,Hogar,Espejo,372.79,3,1118.37,202.59,Online,Efectivo,98
22380,2025-08-13,Valencia,Electrónica,Laptop,416.95,5,2084.75,275.55,Tienda Física,Efectivo,12
22381,2025-10-03,Barcelona,Electrónica,Auriculares,484.71,3,1454.13,253.54,Online,PayPal,31
22382,2025-04-07,Madrid,Deportes,Esterilla Yoga,576.14,4,2304.56,321.38,App,PayPal,29
22383,2025-04-17,Sevilla,Ropa,Chaqueta,549.39,4,2197.56,297.9,Tienda Física,Tarjeta,99
22384,2025-07-31,Barcelona,Ropa,Chaqueta,124.61,1,124.61,86.85,Online,PayPal,36
22385,2025-08-04,Málaga,Ropa,Pantalón,27.97,5,139.85,15.09,Tienda Física,PayPal,43
22386,2025-04-28,Málaga,Deportes,Balón,590.91,1,590.91,335.17,App,Tarjeta,55
22387,2025-11-14,Sevilla,Ropa,Camiseta,589.0,1,589.0,283.5,Online,Tarjeta,14
22388,2025-03-16,Madrid,Electrónica,Tablet,676.68,4,2706.72,461.0,App,Tarjeta,62
22389,2025-05-27,Valencia,Deportes,Balón,129.41,1,129.41,83.29,App,Efectivo,7
22390,2025-08-08,Zaragoza,Deportes,Mancuernas,737.25,1,737.25,470.73,App,Tarjeta,85
22391,2025-11-22,Zaragoza,Electrónica,Tablet,423.21,2,846.42,184.94,Tienda Física,Efectivo,1
22392,2025-09-21,Zaragoza,Ropa,Camiseta,690.58,3,2071.74,367.27,Online,PayPal,97
22393,2025-12-31,Sevilla,Deportes,Esterilla Yoga,50.29,1,50.29,20.37,App,Efectivo,64
22394,2025-10-21,Barcelona,Ropa,Chaqueta,670.79,1,670.79,308.69,App,PayPal,86
22395,2025-05-23,Málaga,Deportes,Balón,697.18,5,3485.9,416.8,Tienda Física,PayPal,61
22396,2025-09-09,Zaragoza,Electrónica,Tablet,289.91,1,289.91,153.31,Tienda Física,Tarjeta,31
22397,2025-10-19,Málaga,Electrónica,Laptop,485.14,1,485.14,279.82,Online,Tarjeta,24
22398,2025-03-28,Barcelona,Hogar,Silla Escritorio,407.43,5,2037.15,176.69,App,Efectivo,25
22399,2025-07-12,Málaga,Electrónica,Tablet,715.68,4,2862.72,440.1,App,Tarjeta,28
22400,2025-06-04,Madrid,Deportes,Mancuernas,296.72,5,1483.6,176.55,Tienda Física,PayPal,85
22401,2025-04-18,Madrid,Deportes,Mancuernas,100.15,3,300.45,56.32,Tienda Física,Efectivo,60
22402,2025-03-22,Sevilla,Ropa,Chaqueta,601.22,3,1803.66,292.98,App,Tarjeta,21
22403,2025-06-09,Sevilla,Electrónica,Auriculares,380.18,1,380.18,221.52,Online,Tarjeta,6
22404,2025-03-10,Madrid,Electrónica,Laptop,777.09,4,3108.36,323.2,Online,Tarjeta,94
22405,2025-10-02,Sevilla,Hogar,Silla Escritorio,722.2,4,2888.8,329.99,App,Efectivo,13
22406,2025-01-04,Sevilla,Deportes,Esterilla Yoga,127.51,3,382.53,75.75,Online,Efectivo,39
22407,2025-04-12,Madrid,Ropa,Camiseta,656.95,4,2627.8,433.28,App,PayPal,97
22408,2025-01-08,Sevilla,Deportes,Esterilla Yoga,135.03,5,675.15,61.43,Tienda Física,Tarjeta,36
22409,2025-12-27,Zaragoza,Electrónica,Auriculares,370.41,3,1111.23,169.09,Online,PayPal,16
22410,2025-12-02,Barcelona,Deportes,Mancuernas,517.55,2,1035.1,251.68,App,Tarjeta,84
22411,2025-07-24,Valencia,Hogar,Silla Escritorio,20.38,3,61.14,14.06,Tienda Física,Tarjeta,65
22412,2025-03-08,Zaragoza,Deportes,Esterilla Yoga,551.08,1,551.08,374.9,App,PayPal,13
22413,2025-06-28,Madrid,Hogar,Cafetera,749.88,1,749.88,437.52,Tienda Física,Efectivo,55
22414,2025-07-21,Valencia,Electrónica,Laptop,516.38,4,2065.52,305.92,Tienda Física,Efectivo,3
22415,2025-06-10,Barcelona,Hogar,Silla Escritorio,307.41,3,922.23,162.75,Online,Efectivo,20
22416,2025-12-31,Málaga,Electrónica,Laptop,759.41,5,3797.05,520.91,Tienda Física,Efectivo,15
22417,2025-01-12,,Hogar,Lámpara,765.16,5,3825.8,460.21,Online,Tarjeta,88
22418,2025-07-17,Barcelona,Ropa,Zapatillas,586.43,4,2345.72,339.37,App,Efectivo,41
22419,2025-12-31,Málaga,Hogar,Silla Escritorio,259.81,2,519.62,146.55,Tienda Física,Efectivo,28
22420,2025-02-13,Málaga,Deportes,Bicicleta,127.07,4,508.28,61.86,Online,PayPal,9
22421,2025-10-15,Zaragoza,Hogar,Cafetera,757.0,5,3785.0,428.29,Tienda Física,PayPal,64
22422,2025-02-08,Barcelona,Deportes,Esterilla Yoga,490.19,1,490.19,312.3,Tienda Física,Tarjeta,5
22423,2025-05-23,Sevilla,Hogar,Lámpara,782.94,5,3914.7,358.49,Online,PayPal,13
22424,2025-08-02,Málaga,Hogar,Silla Escritorio,435.45,1,435.45,266.69,Tienda Física,PayPal,3
22425,2025-02-21,Málaga,Ropa,Pantalón,391.71,3,1175.13,251.84,Online,Tarjeta,54
22426,2025-05-16,Madrid,Ropa,Zapatillas,255.98,1,255.98,118.96,App,PayPal,13
22427,2025-04-11,Sevilla,Deportes,Mancuernas,792.04,3,2376.12,494.93,Online,Efectivo,38
22428,2025-10-16,Málaga,Electrónica,Smartphone,355.91,3,1067.73,142.9,App,Efectivo,87
22429,2025-01-23,Valencia,Hogar,Lámpara,511.1,1,511.1,255.54,Online,Tarjeta,14
22430,2025-05-27,Barcelona,Hogar,Cafetera,624.51,3,1873.53,286.59,Tienda Física,Efectivo,52
22431,2025-09-20,Sevilla,Ropa,Camiseta,165.87,5,829.35,81.47,Tienda Física,Efectivo,33
22432,2025-06-16,Madrid,Hogar,Espejo,617.47,5,3087.35,326.3,App,PayPal,95
22433,2025-02-03,Barcelona,Deportes,Esterilla Yoga,751.33,2,1502.66,405.74,Online,Tarjeta,17
22434,2025-06-25,Sevilla,Ropa,Chaqueta,547.81,5,2739.05,310.49,App,Efectivo,41
22435,2025-02-28,Sevilla,Deportes,Mancuernas,97.26,3,291.78,54.83,App,PayPal,92
22436,2025-08-29,Madrid,Electrónica,Tablet,449.36,2,,267.04,App,Tarjeta,14
22437,2025-05-02,Madrid,Hogar,Cafetera,793.22,4,3172.88,532.71,App,PayPal,35
22438,2025-03-29,Valencia,Electrónica,Laptop,471.18,4,1884.72,300.82,App,PayPal,76
22439,2025-10-15,Barcelona,Hogar,Lámpara,210.05,3,630.15,121.88,App,Efectivo,2
22440,2025-11-08,Madrid,Electrónica,Auriculares,337.38,3,1012.14,185.98,Tienda Física,Tarjeta,67
22441,2025-11-07,Barcelona,Hogar,Cafetera,542.78,2,,259.98,App,PayPal,47
22442,2025-10-14,Barcelona,Ropa,Zapatillas,799.34,3,2398.02,359.42,App,PayPal,29
22443,2025-04-11,Zaragoza,Deportes,Bicicleta,225.91,5,1129.55,107.1,Online,Tarjeta,37
22444,2025-11-13,Sevilla,Hogar,Espejo,170.56,4,682.24,110.51,Tienda Física,PayPal,3
22445,2025-10-11,Madrid,Hogar,Lámpara,662.51,2,,367.67,Tienda Física,PayPal,30
22446,2025-01-04,Barcelona,Electrónica,Smartphone,220.18,2,440.36,147.97,App,PayPal,87
22447,2025-04-04,Sevilla,Deportes,Bicicleta,431.79,5,2158.95,176.63,Tienda Física,PayPal,20
22448,2025-03-17,Málaga,Hogar,Cafetera,577.77,2,1155.54,390.79,Online,Efectivo,29
22449,2025-05-02,Barcelona,Ropa,Chaqueta,288.36,5,1441.8,136.03,App,Tarjeta,5
22450,2025-06-06,Zaragoza,Electrónica,Tablet,577.39,2,1154.78,327.94,App,Tarjeta,85
22451,2025-05-14,Sevilla,Electrónica,Tablet,496.17,4,1984.68,211.79,Tienda Física,Efectivo,100
22452,2025-04-30,Sevilla,Hogar,Espejo,696.99,1,696.99,302.62,Tienda Física,PayPal,97
22453,2025-12-31,Sevilla,Ropa,Pantalón,228.69,2,457.38,137.3,Online,PayPal,11
22454,2025-10-02,Zaragoza,Electrónica,Auriculares,271.03,4,1084.12,173.31,App,Efectivo,77
22455,2025-05-19,Zaragoza,Ropa,Pantalón,681.88,4,2727.52,426.04,Tienda Física,PayPal,2
22456,2025-10-16,Zaragoza,Deportes,Bicicleta,664.27,2,,435.4,App,Tarjeta,82
22457,2025-04-03,Sevilla,Hogar,Lámpara,583.31,1,583.31,330.32,Online,Tarjeta,57
22458,2025-06-11,Sevilla,Deportes,Esterilla Yoga,64.44,1,,40.01,Tienda Física,Efectivo,34
22459,2025-05-18,Zaragoza,Deportes,Mancuernas,257.55,5,1287.75,147.28,Online,Efectivo,88
22460,2025-04-29,Barcelona,Deportes,Esterilla Yoga,785.74,4,3142.96,410.24,Tienda Física,PayPal,1
22461,2025-06-15,Zaragoza,Deportes,Esterilla Yoga,174.52,4,698.08,100.69,App,Efectivo,59
22462,2025-12-16,Barcelona,Hogar,Espejo,545.77,1,545.77,346.89,Online,Efectivo,63
22463,2025-05-07,Málaga,Ropa,Pantalón,125.75,3,377.25,61.06,Online,Tarjeta,45
22464,2025-11-30,Sevilla,Hogar,Lámpara,796.32,3,2388.96,541.69,Online,PayPal,75
22465,2025-06-20,Málaga,Deportes,Bicicleta,238.77,2,477.54,147.19,Tienda Física,Efectivo,25
22466,2025-03-22,Sevilla,Deportes,Bicicleta,29.74,2,59.48,14.72,App,PayPal,11
22467,2025-10-16,Madrid,Electrónica,Smartphone,724.65,2,1449.3,386.9,Online,Efectivo,24
22468,2025-12-11,Málaga,Hogar,Espejo,768.29,1,768.29,442.18,App,Tarjeta,14
22469,2025-04-30,Madrid,Ropa,Pantalón,191.06,4,764.24,105.15,Online,Efectivo,26
22470,2025-07-24,Málaga,Ropa,Pantalón,619.66,5,3098.3,360.59,App,PayPal,61
22471,2025-10-01,Zaragoza,Electrónica,Smartphone,482.52,2,965.04,237.59,Online,Efectivo,16
22472,2025-12-25,Barcelona,Ropa,Pantalón,364.46,2,728.92,172.19,App,PayPal,68
22473,2025-05-24,Sevilla,Hogar,Cafetera,479.49,4,1917.96,252.12,App,Tarjeta,38
22474,2025-11-22,Barcelona,Electrónica,Tablet,670.68,3,2012.04,342.84,Tienda Física,PayPal,45
22475,2025-09-10,Zaragoza,Electrónica,Auriculares,339.18,3,1017.54,162.73,App,PayPal,40
22476,2025-06-25,Valencia,Ropa,Zapatillas,766.98,5,3834.9,415.58,Online,PayPal,42
22477,2025-07-10,Valencia,Electrónica,Tablet,689.47,3,2068.41,404.91,Tienda Física,PayPal,1
22478,2025-07-24,Zaragoza,Electrónica,Laptop,721.07,4,2884.28,296.94,Tienda Física,Tarjeta,4
22479,2025-10-24,Barcelona,Deportes,Balón,637.99,4,2551.96,413.19,Online,Tarjeta,35
22480,2025-08-08,Zaragoza,Hogar,Espejo,599.3,4,2397.2,278.59,Online,Efectivo,54
22481,2025-04-07,Málaga,Hogar,Espejo,274.47,3,823.41,179.3,Tienda Física,Tarjeta,14
22482,2025-01-06,Sevilla,Electrónica,Laptop,55.76,3,167.28,38.6,Online,Tarjeta,99
22483,2025-03-17,Barcelona,Deportes,Mancuernas,274.63,4,1098.52,168.65,Tienda Física,Efectivo,65
22484,2025-08-09,Málaga,Electrónica,Tablet,472.09,2,944.18,288.35,Online,Efectivo,90
22485,2025-07-12,Sevilla,Hogar,Cafetera,785.32,1,785.32,394.76,Online,Efectivo,80
22486,2025-05-24,Madrid,Ropa,Zapatillas,360.58,2,721.16,212.99,App,Efectivo,5
22487,2025-02-20,Valencia,Ropa,Chaqueta,50.2,3,150.6,22.08,App,Tarjeta,68
22488,2025-02-27,Madrid,Hogar,Espejo,572.68,2,1145.36,293.07,Tienda Física,Efectivo,2
22489,2025-12-26,Madrid,Hogar,Lámpara,420.74,5,2103.7,293.85,Tienda Física,PayPal,63
22490,2025-06-03,Zaragoza,Ropa,Zapatillas,770.73,3,2312.19,437.32,Tienda Física,Tarjeta,4
22491,2025-06-01,Madrid,Deportes,Bicicleta,207.13,1,207.13,87.57,Tienda Física,Efectivo,43
22492,2025-12-04,Madrid,Ropa,Camiseta,778.16,5,3890.8,383.46,Tienda Física,Efectivo,93
22493,2025-04-03,Sevilla,Ropa,Zapatillas,29.8,3,89.4,17.26,Tienda Física,Efectivo,76
22494,2025-06-18,Valencia,Deportes,Balón,391.94,4,1567.76,223.63,Online,PayPal,6
22495,2025-05-03,Valencia,Electrónica,Tablet,398.21,3,1194.63,273.5,App,Efectivo,36
22496,2025-08-05,Valencia,Ropa,Camiseta,434.72,4,1738.88,204.39,Online,Tarjeta,67
22497,2025-07-07,Málaga,Deportes,Balón,180.56,5,902.8,106.24,App,PayPal,58
22498,2025-03-14,Zaragoza,Ropa,Camiseta,755.74,5,3778.7,453.73,Tienda Física,Efectivo,89
22499,2025-01-10,Barcelona,Ropa,Camiseta,628.46,3,1885.38,439.33,Online,Efectivo,79
20000,2025-05-11,Barcelona,Hogar,Silla Escritorio,373.86,5,1869.3,151.68,Online,Tarjeta,24
20001,2025-02-08,Málaga,Deportes,Esterilla Yoga,208.82,3,626.46,85.98,App,PayPal,4
20002,2025-09-16,Sevilla,Ropa,Zapatillas,297.77,4,1191.08,129.09,Tienda Física,Efectivo,30
20003,2025-01-08,Málaga,Deportes,Mancuernas,505.06,2,1010.12,340.09,Online,Efectivo,50
20004,2025-06-10,Barcelona,Ropa,Chaqueta,335.66,1,335.66,195.68,Online,Tarjeta,83
20005,2025-10-30,Sevilla,Hogar,Lámpara,633.61,5,3168.05,277.37,App,Tarjeta,46
20006,2025-06-05,Zaragoza,Deportes,Esterilla Yoga,97.51,5,487.55,59.29,Online,PayPal,75
20007,2025-11-08,Barcelona,Deportes,Bicicleta,397.94,3,1193.82,266.8,Tienda Física,PayPal,72
20008,2025-04-24,Málaga,Deportes,Esterilla Yoga,673.56,2,1347.12,400.85,Tienda Física,PayPal,9
20009,2025-08-05,Valencia,Ropa,Camiseta,236.16,5,1180.8,133.26,Online,PayPal,58
20010,2025-03-13,Sevilla,Ropa,Zapatillas,372.95,1,372.95,201.54,Tienda Física,Efectivo,80
20011,2025-05-28,Madrid,Electrónica,Auriculares,106.6,5,533.0,71.97,Tienda Física,Tarjeta,13
20012,2025-07-07,Sevilla,Ropa,Pantalón,781.53,4,3126.12,401.29,App,Efectivo,14
20013,2025-10-18,Sevilla,Electrónica,Auriculares,689.64,3,2068.92,435.48,Tienda Física,Tarjeta,83
20014,2025-08-25,Málaga,Hogar,Espejo,341.33,2,682.66,173.69,Tienda Física,Efectivo,65
20015,2025-08-17,Zaragoza,Deportes,Esterilla Yoga,422.94,2,845.88,245.68,Tienda Física,Tarjeta,84
20016,2025-12-14,Zaragoza,Ropa,Zapatillas,161.33,5,806.65,70.82,App,Efectivo,64
20017,2025-05-28,Sevilla,Ropa,Zapatillas,782.22,4,3128.88,322.83,Online,PayPal,49
20018,2025-06-24,Barcelona,Electrónica,Tablet,302.37,5,1511.85,161.92,App,PayPal,57
20019,2025-10-12,Zaragoza,Ropa,Zapatillas,483.42,4,1933.68,242.93,Tienda Física,Efectivo,87
20020,2025-11-10,Málaga,Electrónica,Auriculares,49.0,3,,22.47,App,Efectivo,68
20021,2025-10-17,Madrid,Hogar,Silla Escritorio,115.38,5,576.9,70.44,Online,PayPal,85
20022,2025-09-24,Sevilla,Ropa,Camiseta,409.45,4,1637.8,200.16,Online,Tarjeta,51
20023,2025-10-29,Valencia,Deportes,Balón,39.1,3,117.3,24.23,Online,Tarjeta,87
20024,2025-07-23,Barcelona,Deportes,Mancuernas,638.42,3,1915.26,383.35,Online,Efectivo,61
20025,2025-01-03,Zaragoza,Ropa,Pantalón,132.01,5,660.05,74.76,Tienda Física,Tarjeta,4
20026,2025-03-02,Málaga,Ropa,Zapatillas,553.39,4,2213.56,328.0,Online,Tarjeta,94
20027,2025-09-19,Sevilla,Deportes,Bicicleta,68.28,3,204.84,28.14,App,Efectivo,43
20028,2025-10-19,Málaga,Deportes,Esterilla Yoga,456.55,1,456.55,204.64,App,Efectivo,92
20029,2025-01-28,Valencia,Electrónica,Smartphone,185.53,3,556.59,125.8,App,PayPal,52
20030,2025-05-09,Zaragoza,Ropa,Zapatillas,336.8,3,1010.4,214.94,App,Tarjeta,64
20031,2025-06-27,Zaragoza,Deportes,Bicicleta,323.05,2,646.1,196.87,Tienda Física,Tarjeta,99
20032,2025-12-06,Zaragoza,Ropa,Pantalón,481.65,3,1444.95,242.35,Tienda Física,Tarjeta,44
20033,2025-03-12,Zaragoza,Hogar,Espejo,554.51,5,2772.55,265.75,Tienda Física,Efectivo,41
20034,2025-08-08,Sevilla,Deportes,Mancuernas,489.28,2,978.56,305.86,App,Tarjeta,18
20035,2025-04-09,Valencia,Deportes,Bicicleta,27.61,3,82.83,16.46,Online,Tarjeta,17
20036,2025-02-02,Madrid,Hogar,Espejo,379.78,5,1898.9,247.18,Tienda Física,Efectivo,15
20037,2025-07-12,Zaragoza,Deportes,Esterilla Yoga,704.09,3,2112.27,333.94,App,Tarjeta,45
20038,2025-08-05,Valencia,Hogar,Silla Escritorio,48.55,2,97.1,29.28,App,PayPal,84
20039,2025-01-24,Barcelona,Hogar,Espejo,644.22,2,1288.44,302.09,App,PayPal,76
20040,2025-10-09,Málaga,Deportes,Bicicleta,425.6,2,851.2,178.25,Tienda Física,Tarjeta,65
20041,2025-03-02,Valencia,Ropa,Zapatillas,220.67,4,882.68,128.57,Tienda Física,PayPal,37
20042,2025-04-02,Málaga,Ropa,Zapatillas,34.28,5,171.4,21.78,Tienda Física,PayPal,9
20043,2025-05-02,Zaragoza,Hogar,Lámpara,448.09,3,1344.27,282.96,Tienda Física,PayPal,75
20044,2025-08-11,Madrid,Electrónica,Laptop,612.82,1,612.82,251.41,Tienda Física,PayPal,43
